-- MySQL dump 10.13  Distrib 5.7.21, for osx10.13 (x86_64)
--
-- Host: localhost    Database: class
-- ------------------------------------------------------
-- Server version	5.7.21

/*!40101 SET @OLD_CHARACTER_SET_CLIENT=@@CHARACTER_SET_CLIENT */;
/*!40101 SET @OLD_CHARACTER_SET_RESULTS=@@CHARACTER_SET_RESULTS */;
/*!40101 SET @OLD_COLLATION_CONNECTION=@@COLLATION_CONNECTION */;
/*!40101 SET NAMES utf8 */;
/*!40103 SET @OLD_TIME_ZONE=@@TIME_ZONE */;
/*!40103 SET TIME_ZONE='+00:00' */;
/*!40014 SET @OLD_UNIQUE_CHECKS=@@UNIQUE_CHECKS, UNIQUE_CHECKS=0 */;
/*!40014 SET @OLD_FOREIGN_KEY_CHECKS=@@FOREIGN_KEY_CHECKS, FOREIGN_KEY_CHECKS=0 */;
/*!40101 SET @OLD_SQL_MODE=@@SQL_MODE, SQL_MODE='NO_AUTO_VALUE_ON_ZERO' */;
/*!40111 SET @OLD_SQL_NOTES=@@SQL_NOTES, SQL_NOTES=0 */;

--
-- Table structure for table `admin_menu`
--

DROP TABLE IF EXISTS `admin_menu`;
/*!40101 SET @saved_cs_client     = @@character_set_client */;
/*!40101 SET character_set_client = utf8 */;
CREATE TABLE `admin_menu` (
  `id` int(10) unsigned NOT NULL AUTO_INCREMENT,
  `parent_id` int(11) NOT NULL DEFAULT '0',
  `order` int(11) NOT NULL DEFAULT '0',
  `title` varchar(50) COLLATE utf8mb4_unicode_ci NOT NULL,
  `icon` varchar(50) COLLATE utf8mb4_unicode_ci NOT NULL,
  `uri` varchar(50) COLLATE utf8mb4_unicode_ci DEFAULT NULL,
  `created_at` timestamp NULL DEFAULT NULL,
  `updated_at` timestamp NULL DEFAULT NULL,
  PRIMARY KEY (`id`)
) ENGINE=InnoDB AUTO_INCREMENT=13 DEFAULT CHARSET=utf8mb4 COLLATE=utf8mb4_unicode_ci;
/*!40101 SET character_set_client = @saved_cs_client */;

--
-- Dumping data for table `admin_menu`
--

LOCK TABLES `admin_menu` WRITE;
/*!40000 ALTER TABLE `admin_menu` DISABLE KEYS */;
INSERT INTO `admin_menu` VALUES (1,0,1,'首页','fa-bar-chart','/',NULL,'2018-02-25 19:33:03'),(2,0,2,'系统管理','fa-tasks',NULL,NULL,'2018-02-25 19:32:43'),(3,2,3,'老师列表','fa-users','auth/users',NULL,'2018-02-25 19:31:36'),(4,2,4,'角色控制','fa-user','auth/roles',NULL,'2018-02-25 19:31:52'),(5,2,5,'权限管理','fa-ban','auth/permissions',NULL,'2018-02-25 19:32:03'),(6,2,6,'菜单生成','fa-bars','auth/menu',NULL,'2018-02-25 19:32:16'),(7,2,7,'操作日志','fa-history','auth/logs',NULL,'2018-02-25 19:32:26'),(8,12,0,'签到码','fa-book','/qr','2018-02-25 19:30:30','2018-03-29 06:34:48'),(9,0,0,'作业布置','fa-calendar-plus-o','/homework','2018-03-22 20:04:23','2018-03-22 20:04:33'),(10,12,0,'签到情况','fa-android','statistic','2018-03-28 03:14:43','2018-03-29 06:34:32'),(11,0,0,'名单导入','fa-diamond','import','2018-03-29 06:31:42','2018-03-29 06:32:24'),(12,0,0,'学生签到','fa-wechat',NULL,'2018-03-29 06:33:11','2018-03-29 06:33:11');
/*!40000 ALTER TABLE `admin_menu` ENABLE KEYS */;
UNLOCK TABLES;

--
-- Table structure for table `admin_operation_log`
--

DROP TABLE IF EXISTS `admin_operation_log`;
/*!40101 SET @saved_cs_client     = @@character_set_client */;
/*!40101 SET character_set_client = utf8 */;
CREATE TABLE `admin_operation_log` (
  `id` int(10) unsigned NOT NULL AUTO_INCREMENT,
  `user_id` int(11) NOT NULL,
  `path` varchar(255) COLLATE utf8mb4_unicode_ci NOT NULL,
  `method` varchar(10) COLLATE utf8mb4_unicode_ci NOT NULL,
  `ip` varchar(15) COLLATE utf8mb4_unicode_ci NOT NULL,
  `input` text COLLATE utf8mb4_unicode_ci NOT NULL,
  `created_at` timestamp NULL DEFAULT NULL,
  `updated_at` timestamp NULL DEFAULT NULL,
  PRIMARY KEY (`id`),
  KEY `admin_operation_log_user_id_index` (`user_id`)
) ENGINE=InnoDB AUTO_INCREMENT=594 DEFAULT CHARSET=utf8mb4 COLLATE=utf8mb4_unicode_ci;
/*!40101 SET character_set_client = @saved_cs_client */;

--
-- Dumping data for table `admin_operation_log`
--

LOCK TABLES `admin_operation_log` WRITE;
/*!40000 ALTER TABLE `admin_operation_log` DISABLE KEYS */;
INSERT INTO `admin_operation_log` VALUES (1,1,'admin','GET','127.0.0.1','[]','2018-02-21 01:05:55','2018-02-21 01:05:55'),(2,1,'admin','GET','127.0.0.1','[]','2018-02-25 00:06:50','2018-02-25 00:06:50'),(3,1,'admin/auth/login','GET','127.0.0.1','[]','2018-02-25 00:06:53','2018-02-25 00:06:53'),(4,1,'admin','GET','127.0.0.1','[]','2018-02-25 16:41:06','2018-02-25 16:41:06'),(5,1,'admin','GET','127.0.0.1','{\"_pjax\":\"#pjax-container\"}','2018-02-25 16:41:13','2018-02-25 16:41:13'),(6,1,'admin/auth/users','GET','127.0.0.1','{\"_pjax\":\"#pjax-container\"}','2018-02-25 16:41:21','2018-02-25 16:41:21'),(7,1,'admin/auth/roles','GET','127.0.0.1','{\"_pjax\":\"#pjax-container\"}','2018-02-25 16:41:32','2018-02-25 16:41:32'),(8,1,'admin/auth/users','GET','127.0.0.1','{\"_pjax\":\"#pjax-container\"}','2018-02-25 16:58:27','2018-02-25 16:58:27'),(9,1,'admin/auth/setting','GET','127.0.0.1','[]','2018-02-25 19:10:11','2018-02-25 19:10:11'),(10,1,'admin','GET','127.0.0.1','{\"_pjax\":\"#pjax-container\"}','2018-02-25 19:10:25','2018-02-25 19:10:25'),(11,1,'admin','GET','127.0.0.1','[]','2018-02-25 19:20:57','2018-02-25 19:20:57'),(12,1,'admin/auth/menu','GET','127.0.0.1','{\"_pjax\":\"#pjax-container\"}','2018-02-25 19:25:06','2018-02-25 19:25:06'),(13,1,'admin','GET','127.0.0.1','{\"_pjax\":\"#pjax-container\"}','2018-02-25 19:26:55','2018-02-25 19:26:55'),(14,1,'admin/auth/menu','GET','127.0.0.1','{\"_pjax\":\"#pjax-container\"}','2018-02-25 19:27:38','2018-02-25 19:27:38'),(15,1,'admin/auth/roles','GET','127.0.0.1','{\"_pjax\":\"#pjax-container\"}','2018-02-25 19:28:48','2018-02-25 19:28:48'),(16,1,'admin/auth/roles/create','GET','127.0.0.1','{\"_pjax\":\"#pjax-container\"}','2018-02-25 19:28:50','2018-02-25 19:28:50'),(17,1,'admin/auth/roles','POST','127.0.0.1','{\"slug\":\"Teacher\",\"name\":\"Teacher\",\"permissions\":[\"2\",\"2\",null],\"_token\":\"ClNj8mNHjF7D7WaLhLmspCMZxDqumKPjxWZNgESv\",\"_previous_\":\"http:\\/\\/localhost:8000\\/admin\\/auth\\/roles\"}','2018-02-25 19:29:56','2018-02-25 19:29:56'),(18,1,'admin/auth/roles','GET','127.0.0.1','[]','2018-02-25 19:29:56','2018-02-25 19:29:56'),(19,1,'admin/auth/menu','GET','127.0.0.1','{\"_pjax\":\"#pjax-container\"}','2018-02-25 19:30:01','2018-02-25 19:30:01'),(20,1,'admin/auth/menu','POST','127.0.0.1','{\"parent_id\":\"0\",\"title\":\"\\u7b7e\\u5230\\u7801\",\"icon\":\"fa-book\",\"uri\":\"\\/admin\\/qr\",\"roles\":[\"2\",null],\"_token\":\"ClNj8mNHjF7D7WaLhLmspCMZxDqumKPjxWZNgESv\"}','2018-02-25 19:30:30','2018-02-25 19:30:30'),(21,1,'admin/auth/menu','GET','127.0.0.1','[]','2018-02-25 19:30:31','2018-02-25 19:30:31'),(22,1,'admin/auth/menu/8/edit','GET','127.0.0.1','{\"_pjax\":\"#pjax-container\"}','2018-02-25 19:30:43','2018-02-25 19:30:43'),(23,1,'admin/auth/menu/8','PUT','127.0.0.1','{\"parent_id\":\"0\",\"title\":\"\\u7b7e\\u5230\\u7801\",\"icon\":\"fa-book\",\"uri\":\"\\/admin\\/qr\",\"roles\":[\"1\",\"2\",null],\"_token\":\"ClNj8mNHjF7D7WaLhLmspCMZxDqumKPjxWZNgESv\",\"_method\":\"PUT\",\"_previous_\":\"http:\\/\\/localhost:8000\\/admin\\/auth\\/menu\"}','2018-02-25 19:30:49','2018-02-25 19:30:49'),(24,1,'admin/auth/menu','GET','127.0.0.1','[]','2018-02-25 19:30:50','2018-02-25 19:30:50'),(25,1,'admin/auth/menu','GET','127.0.0.1','[]','2018-02-25 19:30:54','2018-02-25 19:30:54'),(26,1,'admin/auth/menu/3/edit','GET','127.0.0.1','{\"_pjax\":\"#pjax-container\"}','2018-02-25 19:31:04','2018-02-25 19:31:04'),(27,1,'admin/auth/menu/3','PUT','127.0.0.1','{\"parent_id\":\"2\",\"title\":\"\\u8001\\u5e08\\u5217\\u8868\",\"icon\":\"fa-users\",\"uri\":\"auth\\/users\",\"roles\":[null],\"_token\":\"ClNj8mNHjF7D7WaLhLmspCMZxDqumKPjxWZNgESv\",\"_method\":\"PUT\",\"_previous_\":\"http:\\/\\/localhost:8000\\/admin\\/auth\\/menu\"}','2018-02-25 19:31:36','2018-02-25 19:31:36'),(28,1,'admin/auth/menu','GET','127.0.0.1','[]','2018-02-25 19:31:36','2018-02-25 19:31:36'),(29,1,'admin/auth/menu/4/edit','GET','127.0.0.1','{\"_pjax\":\"#pjax-container\"}','2018-02-25 19:31:43','2018-02-25 19:31:43'),(30,1,'admin/auth/menu/4','PUT','127.0.0.1','{\"parent_id\":\"2\",\"title\":\"\\u89d2\\u8272\\u63a7\\u5236\",\"icon\":\"fa-user\",\"uri\":\"auth\\/roles\",\"roles\":[null],\"_token\":\"ClNj8mNHjF7D7WaLhLmspCMZxDqumKPjxWZNgESv\",\"_method\":\"PUT\",\"_previous_\":\"http:\\/\\/localhost:8000\\/admin\\/auth\\/menu\"}','2018-02-25 19:31:52','2018-02-25 19:31:52'),(31,1,'admin/auth/menu','GET','127.0.0.1','[]','2018-02-25 19:31:52','2018-02-25 19:31:52'),(32,1,'admin/auth/menu/5/edit','GET','127.0.0.1','{\"_pjax\":\"#pjax-container\"}','2018-02-25 19:31:57','2018-02-25 19:31:57'),(33,1,'admin/auth/menu/5','PUT','127.0.0.1','{\"parent_id\":\"2\",\"title\":\"\\u6743\\u9650\\u7ba1\\u7406\",\"icon\":\"fa-ban\",\"uri\":\"auth\\/permissions\",\"roles\":[null],\"_token\":\"ClNj8mNHjF7D7WaLhLmspCMZxDqumKPjxWZNgESv\",\"_method\":\"PUT\",\"_previous_\":\"http:\\/\\/localhost:8000\\/admin\\/auth\\/menu\"}','2018-02-25 19:32:03','2018-02-25 19:32:03'),(34,1,'admin/auth/menu','GET','127.0.0.1','[]','2018-02-25 19:32:03','2018-02-25 19:32:03'),(35,1,'admin/auth/menu/6/edit','GET','127.0.0.1','{\"_pjax\":\"#pjax-container\"}','2018-02-25 19:32:06','2018-02-25 19:32:06'),(36,1,'admin/auth/menu/6','PUT','127.0.0.1','{\"parent_id\":\"2\",\"title\":\"\\u83dc\\u5355\\u751f\\u6210\",\"icon\":\"fa-bars\",\"uri\":\"auth\\/menu\",\"roles\":[null],\"_token\":\"ClNj8mNHjF7D7WaLhLmspCMZxDqumKPjxWZNgESv\",\"_method\":\"PUT\",\"_previous_\":\"http:\\/\\/localhost:8000\\/admin\\/auth\\/menu\"}','2018-02-25 19:32:16','2018-02-25 19:32:16'),(37,1,'admin/auth/menu','GET','127.0.0.1','[]','2018-02-25 19:32:16','2018-02-25 19:32:16'),(38,1,'admin/auth/menu/7/edit','GET','127.0.0.1','{\"_pjax\":\"#pjax-container\"}','2018-02-25 19:32:19','2018-02-25 19:32:19'),(39,1,'admin/auth/menu/7','PUT','127.0.0.1','{\"parent_id\":\"2\",\"title\":\"\\u64cd\\u4f5c\\u65e5\\u5fd7\",\"icon\":\"fa-history\",\"uri\":\"auth\\/logs\",\"roles\":[null],\"_token\":\"ClNj8mNHjF7D7WaLhLmspCMZxDqumKPjxWZNgESv\",\"_method\":\"PUT\",\"_previous_\":\"http:\\/\\/localhost:8000\\/admin\\/auth\\/menu\"}','2018-02-25 19:32:26','2018-02-25 19:32:26'),(40,1,'admin/auth/menu','GET','127.0.0.1','[]','2018-02-25 19:32:27','2018-02-25 19:32:27'),(41,1,'admin/auth/menu/2/edit','GET','127.0.0.1','{\"_pjax\":\"#pjax-container\"}','2018-02-25 19:32:31','2018-02-25 19:32:31'),(42,1,'admin/auth/menu/2','PUT','127.0.0.1','{\"parent_id\":\"0\",\"title\":\"\\u7cfb\\u7edf\\u7ba1\\u7406\",\"icon\":\"fa-tasks\",\"uri\":null,\"roles\":[\"1\",null],\"_token\":\"ClNj8mNHjF7D7WaLhLmspCMZxDqumKPjxWZNgESv\",\"_method\":\"PUT\",\"_previous_\":\"http:\\/\\/localhost:8000\\/admin\\/auth\\/menu\"}','2018-02-25 19:32:43','2018-02-25 19:32:43'),(43,1,'admin/auth/menu','GET','127.0.0.1','[]','2018-02-25 19:32:44','2018-02-25 19:32:44'),(44,1,'admin/auth/menu/1/edit','GET','127.0.0.1','{\"_pjax\":\"#pjax-container\"}','2018-02-25 19:32:56','2018-02-25 19:32:56'),(45,1,'admin/auth/menu/1','PUT','127.0.0.1','{\"parent_id\":\"0\",\"title\":\"\\u9996\\u9875\",\"icon\":\"fa-bar-chart\",\"uri\":\"\\/\",\"roles\":[null],\"_token\":\"ClNj8mNHjF7D7WaLhLmspCMZxDqumKPjxWZNgESv\",\"_method\":\"PUT\",\"_previous_\":\"http:\\/\\/localhost:8000\\/admin\\/auth\\/menu\"}','2018-02-25 19:33:03','2018-02-25 19:33:03'),(46,1,'admin/auth/menu','GET','127.0.0.1','[]','2018-02-25 19:33:03','2018-02-25 19:33:03'),(47,1,'admin/auth/menu','GET','127.0.0.1','[]','2018-02-25 19:33:13','2018-02-25 19:33:13'),(48,1,'admin/auth/users','GET','127.0.0.1','{\"_pjax\":\"#pjax-container\"}','2018-02-25 19:33:34','2018-02-25 19:33:34'),(49,1,'admin/auth/roles','GET','127.0.0.1','{\"_pjax\":\"#pjax-container\"}','2018-02-25 19:33:39','2018-02-25 19:33:39'),(50,1,'admin/auth/permissions','GET','127.0.0.1','{\"_pjax\":\"#pjax-container\"}','2018-02-25 19:33:41','2018-02-25 19:33:41'),(51,1,'admin','GET','127.0.0.1','{\"_pjax\":\"#pjax-container\"}','2018-02-25 19:34:20','2018-02-25 19:34:20'),(52,1,'admin/auth/menu','GET','127.0.0.1','{\"_pjax\":\"#pjax-container\"}','2018-02-25 19:34:32','2018-02-25 19:34:32'),(53,1,'admin/auth/menu/8/edit','GET','127.0.0.1','{\"_pjax\":\"#pjax-container\"}','2018-02-25 19:34:36','2018-02-25 19:34:36'),(54,1,'admin/auth/menu/8','PUT','127.0.0.1','{\"parent_id\":\"0\",\"title\":\"\\u7b7e\\u5230\\u7801\",\"icon\":\"fa-book\",\"uri\":\"\\/qr\",\"roles\":[\"1\",\"2\",null],\"_token\":\"ClNj8mNHjF7D7WaLhLmspCMZxDqumKPjxWZNgESv\",\"_method\":\"PUT\",\"_previous_\":\"http:\\/\\/localhost:8000\\/admin\\/auth\\/menu\"}','2018-02-25 19:34:42','2018-02-25 19:34:42'),(55,1,'admin/auth/menu','GET','127.0.0.1','[]','2018-02-25 19:34:42','2018-02-25 19:34:42'),(56,1,'admin/auth/menu','GET','127.0.0.1','[]','2018-02-25 19:34:46','2018-02-25 19:34:46'),(57,1,'admin/auth/users','GET','127.0.0.1','{\"_pjax\":\"#pjax-container\"}','2018-02-25 19:34:58','2018-02-25 19:34:58'),(58,1,'admin/auth/users/create','GET','127.0.0.1','{\"_pjax\":\"#pjax-container\"}','2018-02-25 19:35:02','2018-02-25 19:35:02'),(59,1,'admin','GET','127.0.0.1','[]','2018-02-25 23:36:31','2018-02-25 23:36:31'),(60,1,'admin/auth/menu','GET','127.0.0.1','{\"_pjax\":\"#pjax-container\"}','2018-02-25 23:37:00','2018-02-25 23:37:00'),(61,1,'admin/auth/users','GET','127.0.0.1','{\"_pjax\":\"#pjax-container\"}','2018-02-25 23:37:45','2018-02-25 23:37:45'),(62,1,'admin/auth/users/create','GET','127.0.0.1','{\"_pjax\":\"#pjax-container\"}','2018-02-25 23:37:53','2018-02-25 23:37:53'),(63,1,'admin/auth/users','GET','127.0.0.1','{\"_pjax\":\"#pjax-container\"}','2018-02-25 23:37:58','2018-02-25 23:37:58'),(64,1,'admin/auth/users','GET','127.0.0.1','[]','2018-02-25 23:51:37','2018-02-25 23:51:37'),(65,1,'admin/auth/users/create','GET','127.0.0.1','{\"_pjax\":\"#pjax-container\"}','2018-02-25 23:51:42','2018-02-25 23:51:42'),(66,1,'admin/auth/users/create','GET','127.0.0.1','[]','2018-02-25 23:53:01','2018-02-25 23:53:01'),(67,1,'admin','GET','127.0.0.1','{\"_pjax\":\"#pjax-container\"}','2018-02-25 23:53:12','2018-02-25 23:53:12'),(68,1,'admin/auth/users','GET','127.0.0.1','{\"_pjax\":\"#pjax-container\"}','2018-02-25 23:58:28','2018-02-25 23:58:28'),(69,1,'admin/auth/users','GET','127.0.0.1','[]','2018-02-26 00:05:33','2018-02-26 00:05:33'),(70,1,'admin','GET','127.0.0.1','{\"_pjax\":\"#pjax-container\"}','2018-02-26 00:05:35','2018-02-26 00:05:35'),(71,1,'admin','GET','127.0.0.1','[]','2018-02-26 00:06:50','2018-02-26 00:06:50'),(72,1,'admin','GET','127.0.0.1','[]','2018-02-26 00:11:27','2018-02-26 00:11:27'),(73,1,'admin','GET','127.0.0.1','[]','2018-02-26 00:12:19','2018-02-26 00:12:19'),(74,1,'admin','GET','127.0.0.1','[]','2018-02-26 00:12:54','2018-02-26 00:12:54'),(75,1,'admin/auth/users','GET','127.0.0.1','{\"_pjax\":\"#pjax-container\"}','2018-02-26 00:26:38','2018-02-26 00:26:38'),(76,1,'admin/auth/users/create','GET','127.0.0.1','{\"_pjax\":\"#pjax-container\"}','2018-02-26 00:26:42','2018-02-26 00:26:42'),(77,1,'admin/auth/users','GET','127.0.0.1','{\"_pjax\":\"#pjax-container\"}','2018-02-26 00:29:16','2018-02-26 00:29:16'),(78,1,'admin/auth/users','GET','127.0.0.1','{\"_pjax\":\"#pjax-container\",\"_export_\":\"all\"}','2018-02-26 00:29:28','2018-02-26 00:29:28'),(79,1,'admin/auth/users','GET','127.0.0.1','[]','2018-02-26 00:39:10','2018-02-26 00:39:10'),(80,1,'admin/auth/users/create','GET','127.0.0.1','{\"_pjax\":\"#pjax-container\"}','2018-02-26 00:39:12','2018-02-26 00:39:12'),(81,1,'admin/auth/users/create','GET','127.0.0.1','[]','2018-02-26 00:44:30','2018-02-26 00:44:30'),(82,1,'admin/auth/users','POST','127.0.0.1','{\"username\":\"550566181@qq.com\",\"name\":\"\\u8d56\\u6770\",\"password\":\"123\",\"password_confirmation\":\"123\",\"roles\":[\"2\",null],\"permissions\":[null],\"_token\":\"NUCoGKoZiJTUDSzxF6lWefEsd4sr70QuQY7mqpIs\"}','2018-02-26 00:45:01','2018-02-26 00:45:01'),(83,1,'admin/auth/users','GET','127.0.0.1','[]','2018-02-26 00:45:02','2018-02-26 00:45:02'),(84,1,'admin/auth/logout','GET','127.0.0.1','{\"_pjax\":\"#pjax-container\"}','2018-02-26 00:45:12','2018-02-26 00:45:12'),(85,2,'admin','GET','127.0.0.1','[]','2018-02-26 00:45:19','2018-02-26 00:45:19'),(86,2,'admin','GET','127.0.0.1','{\"_pjax\":\"#pjax-container\"}','2018-02-26 00:45:23','2018-02-26 00:45:23'),(87,2,'admin/auth/setting','GET','127.0.0.1','{\"_pjax\":\"#pjax-container\"}','2018-02-26 00:45:30','2018-02-26 00:45:30'),(88,2,'admin','GET','127.0.0.1','{\"_pjax\":\"#pjax-container\"}','2018-02-26 00:45:34','2018-02-26 00:45:34'),(89,2,'admin','GET','127.0.0.1','[]','2018-02-26 07:12:01','2018-02-26 07:12:01'),(90,2,'admin/qr','GET','127.0.0.1','{\"_pjax\":\"#pjax-container\"}','2018-02-26 07:12:04','2018-02-26 07:12:04'),(91,2,'admin/qr','GET','127.0.0.1','{\"_pjax\":\"#pjax-container\"}','2018-02-26 07:12:05','2018-02-26 07:12:05'),(92,2,'admin/qr','GET','127.0.0.1','{\"_pjax\":\"#pjax-container\"}','2018-02-26 07:12:07','2018-02-26 07:12:07'),(93,2,'admin','GET','127.0.0.1','{\"_pjax\":\"#pjax-container\"}','2018-02-26 07:12:09','2018-02-26 07:12:09'),(94,2,'admin/auth/logout','GET','127.0.0.1','{\"_pjax\":\"#pjax-container\"}','2018-02-26 07:12:13','2018-02-26 07:12:13'),(95,2,'admin/auth/logout','GET','127.0.0.1','{\"_pjax\":\"#pjax-container\"}','2018-02-26 07:12:15','2018-02-26 07:12:15'),(96,2,'admin/auth/setting','GET','127.0.0.1','{\"_pjax\":\"#pjax-container\"}','2018-02-26 07:12:20','2018-02-26 07:12:20'),(97,2,'admin','GET','127.0.0.1','{\"_pjax\":\"#pjax-container\"}','2018-02-26 07:12:22','2018-02-26 07:12:22'),(98,2,'admin/auth/setting','GET','127.0.0.1','{\"_pjax\":\"#pjax-container\"}','2018-02-26 07:12:28','2018-02-26 07:12:28'),(99,2,'admin/auth/logout','GET','127.0.0.1','{\"_pjax\":\"#pjax-container\"}','2018-02-26 07:12:29','2018-02-26 07:12:29'),(100,2,'admin/auth/logout','GET','127.0.0.1','{\"_pjax\":\"#pjax-container\"}','2018-02-26 07:12:30','2018-02-26 07:12:30'),(101,2,'admin','GET','127.0.0.1','{\"_pjax\":\"#pjax-container\"}','2018-02-26 07:12:30','2018-02-26 07:12:30'),(102,2,'admin/qr','GET','127.0.0.1','{\"_pjax\":\"#pjax-container\"}','2018-02-26 07:12:31','2018-02-26 07:12:31'),(103,2,'admin/qr','GET','127.0.0.1','{\"_pjax\":\"#pjax-container\"}','2018-02-26 07:12:32','2018-02-26 07:12:32'),(104,2,'admin/qr','GET','127.0.0.1','{\"_pjax\":\"#pjax-container\"}','2018-02-26 07:12:32','2018-02-26 07:12:32'),(105,2,'admin','GET','127.0.0.1','{\"_pjax\":\"#pjax-container\"}','2018-02-26 07:12:33','2018-02-26 07:12:33'),(106,2,'admin/auth/login','GET','127.0.0.1','[]','2018-02-26 07:12:33','2018-02-26 07:12:33'),(107,2,'admin/auth/login','GET','127.0.0.1','[]','2018-02-26 07:12:34','2018-02-26 07:12:34'),(108,2,'admin/qr','GET','127.0.0.1','{\"_pjax\":\"#pjax-container\"}','2018-02-26 07:12:41','2018-02-26 07:12:41'),(109,2,'admin/qr','GET','127.0.0.1','[]','2018-02-26 07:13:07','2018-02-26 07:13:07'),(110,2,'admin','GET','127.0.0.1','{\"_pjax\":\"#pjax-container\"}','2018-02-26 07:13:09','2018-02-26 07:13:09'),(111,2,'admin','GET','127.0.0.1','{\"_pjax\":\"#pjax-container\"}','2018-02-26 07:13:11','2018-02-26 07:13:11'),(112,1,'admin','GET','127.0.0.1','[]','2018-02-26 07:13:31','2018-02-26 07:13:31'),(113,1,'admin/qr','GET','127.0.0.1','{\"_pjax\":\"#pjax-container\"}','2018-02-26 07:13:35','2018-02-26 07:13:35'),(114,1,'admin/auth/users','GET','127.0.0.1','{\"_pjax\":\"#pjax-container\"}','2018-02-26 07:13:41','2018-02-26 07:13:41'),(115,1,'admin/auth/roles','GET','127.0.0.1','{\"_pjax\":\"#pjax-container\"}','2018-02-26 07:13:44','2018-02-26 07:13:44'),(116,1,'admin/auth/roles/2/edit','GET','127.0.0.1','{\"_pjax\":\"#pjax-container\"}','2018-02-26 07:13:49','2018-02-26 07:13:49'),(117,1,'admin/auth/roles/2','PUT','127.0.0.1','{\"slug\":\"Teacher\",\"name\":\"Teacher\",\"permissions\":[\"2\",\"4\",null],\"_token\":\"V0AHmJpYdn7isAWzxiz2JTzqffql9MlpQOu8vwRJ\",\"_method\":\"PUT\",\"_previous_\":\"http:\\/\\/localhost:8000\\/admin\\/auth\\/roles\"}','2018-02-26 07:14:03','2018-02-26 07:14:03'),(118,1,'admin/auth/roles','GET','127.0.0.1','[]','2018-02-26 07:14:03','2018-02-26 07:14:03'),(119,1,'admin/auth/permissions','GET','127.0.0.1','{\"_pjax\":\"#pjax-container\"}','2018-02-26 07:14:07','2018-02-26 07:14:07'),(120,1,'admin/auth/permissions/create','GET','127.0.0.1','{\"_pjax\":\"#pjax-container\"}','2018-02-26 07:14:13','2018-02-26 07:14:13'),(121,1,'admin/auth/permissions','GET','127.0.0.1','{\"_pjax\":\"#pjax-container\"}','2018-02-26 07:14:15','2018-02-26 07:14:15'),(122,1,'admin/auth/permissions/create','GET','127.0.0.1','{\"_pjax\":\"#pjax-container\"}','2018-02-26 07:14:24','2018-02-26 07:14:24'),(123,1,'admin/auth/permissions','POST','127.0.0.1','{\"slug\":\"QrCode\",\"name\":\"QrCode\",\"http_method\":[\"GET\",null],\"http_path\":\"\\/qr\",\"_token\":\"V0AHmJpYdn7isAWzxiz2JTzqffql9MlpQOu8vwRJ\",\"_previous_\":\"http:\\/\\/localhost:8000\\/admin\\/auth\\/permissions\"}','2018-02-26 07:14:43','2018-02-26 07:14:43'),(124,1,'admin/auth/permissions','GET','127.0.0.1','[]','2018-02-26 07:14:43','2018-02-26 07:14:43'),(125,1,'admin/auth/roles','GET','127.0.0.1','{\"_pjax\":\"#pjax-container\"}','2018-02-26 07:14:51','2018-02-26 07:14:51'),(126,1,'admin/auth/roles/2/edit','GET','127.0.0.1','{\"_pjax\":\"#pjax-container\"}','2018-02-26 07:14:53','2018-02-26 07:14:53'),(127,1,'admin/auth/roles/2','PUT','127.0.0.1','{\"slug\":\"Teacher\",\"name\":\"Teacher\",\"permissions\":[\"2\",\"4\",\"6\",null],\"_token\":\"V0AHmJpYdn7isAWzxiz2JTzqffql9MlpQOu8vwRJ\",\"_method\":\"PUT\",\"_previous_\":\"http:\\/\\/localhost:8000\\/admin\\/auth\\/roles\"}','2018-02-26 07:14:57','2018-02-26 07:14:57'),(128,1,'admin/auth/roles','GET','127.0.0.1','[]','2018-02-26 07:14:57','2018-02-26 07:14:57'),(129,1,'admin/qr','GET','127.0.0.1','{\"_pjax\":\"#pjax-container\"}','2018-02-26 07:15:03','2018-02-26 07:15:03'),(130,1,'admin/auth/logout','GET','127.0.0.1','{\"_pjax\":\"#pjax-container\"}','2018-02-26 07:15:07','2018-02-26 07:15:07'),(131,2,'admin','GET','127.0.0.1','[]','2018-02-26 07:15:17','2018-02-26 07:15:17'),(132,2,'admin/qr','GET','127.0.0.1','{\"_pjax\":\"#pjax-container\"}','2018-02-26 07:15:19','2018-02-26 07:15:19'),(133,2,'admin','GET','127.0.0.1','{\"_pjax\":\"#pjax-container\"}','2018-02-26 07:15:21','2018-02-26 07:15:21'),(134,2,'admin/auth/setting','GET','127.0.0.1','{\"_pjax\":\"#pjax-container\"}','2018-02-26 07:15:24','2018-02-26 07:15:24'),(135,2,'admin','GET','127.0.0.1','{\"_pjax\":\"#pjax-container\"}','2018-02-26 07:15:28','2018-02-26 07:15:28'),(136,2,'admin/auth/logout','GET','127.0.0.1','{\"_pjax\":\"#pjax-container\"}','2018-02-26 07:15:31','2018-02-26 07:15:31'),(137,2,'admin','GET','127.0.0.1','[]','2018-02-26 07:15:43','2018-02-26 07:15:43'),(138,2,'admin','GET','127.0.0.1','[]','2018-02-26 07:15:50','2018-02-26 07:15:50'),(139,2,'admin','GET','127.0.0.1','[]','2018-02-26 07:16:06','2018-02-26 07:16:06'),(140,2,'admin/auth/logout','GET','127.0.0.1','{\"_pjax\":\"#pjax-container\"}','2018-02-26 07:16:11','2018-02-26 07:16:11'),(141,1,'admin','GET','127.0.0.1','[]','2018-02-26 07:16:57','2018-02-26 07:16:57'),(142,1,'admin/auth/permissions','GET','127.0.0.1','{\"_pjax\":\"#pjax-container\"}','2018-02-26 07:17:04','2018-02-26 07:17:04'),(143,1,'admin/auth/roles','GET','127.0.0.1','{\"_pjax\":\"#pjax-container\"}','2018-02-26 07:17:06','2018-02-26 07:17:06'),(144,1,'admin/auth/roles/2/edit','GET','127.0.0.1','{\"_pjax\":\"#pjax-container\"}','2018-02-26 07:17:09','2018-02-26 07:17:09'),(145,1,'admin/auth/roles/2','PUT','127.0.0.1','{\"slug\":\"Teacher\",\"name\":\"Teacher\",\"permissions\":[\"2\",\"3\",\"4\",\"6\",null],\"_token\":\"qLEQPPVKN6mRslr25ItEF30suXdMQUNJXEQLAbiC\",\"_method\":\"PUT\",\"_previous_\":\"http:\\/\\/localhost:8000\\/admin\\/auth\\/roles\"}','2018-02-26 07:17:14','2018-02-26 07:17:14'),(146,1,'admin/auth/roles','GET','127.0.0.1','[]','2018-02-26 07:17:14','2018-02-26 07:17:14'),(147,1,'admin/auth/permissions','GET','127.0.0.1','{\"_pjax\":\"#pjax-container\"}','2018-02-26 07:17:18','2018-02-26 07:17:18'),(148,1,'admin/auth/permissions','GET','127.0.0.1','{\"_pjax\":\"#pjax-container\"}','2018-02-26 07:17:31','2018-02-26 07:17:31'),(149,1,'admin/auth/roles','GET','127.0.0.1','{\"_pjax\":\"#pjax-container\"}','2018-02-26 07:17:31','2018-02-26 07:17:31'),(150,1,'admin/auth/logout','GET','127.0.0.1','{\"_pjax\":\"#pjax-container\"}','2018-02-26 07:17:37','2018-02-26 07:17:37'),(151,2,'admin','GET','127.0.0.1','[]','2018-02-26 07:17:45','2018-02-26 07:17:45'),(152,2,'admin/qr','GET','127.0.0.1','{\"_pjax\":\"#pjax-container\"}','2018-02-26 07:17:47','2018-02-26 07:17:47'),(153,2,'admin/auth/logout','GET','127.0.0.1','{\"_pjax\":\"#pjax-container\"}','2018-02-26 07:17:52','2018-02-26 07:17:52'),(154,2,'admin','GET','127.0.0.1','[]','2018-02-26 17:12:52','2018-02-26 17:12:52'),(155,2,'admin/qr','GET','127.0.0.1','[]','2018-02-26 17:15:01','2018-02-26 17:15:01'),(156,2,'admin/qr','GET','127.0.0.1','[]','2018-02-26 17:15:32','2018-02-26 17:15:32'),(157,2,'admin/qr','GET','127.0.0.1','[]','2018-02-26 17:15:37','2018-02-26 17:15:37'),(158,2,'admin/qr','GET','127.0.0.1','{\"_pjax\":\"#pjax-container\"}','2018-02-26 17:15:40','2018-02-26 17:15:40'),(159,2,'admin/qr','GET','127.0.0.1','[]','2018-02-26 17:22:15','2018-02-26 17:22:15'),(160,2,'admin/qr','GET','127.0.0.1','[]','2018-02-26 17:22:17','2018-02-26 17:22:17'),(161,2,'admin/qr','GET','127.0.0.1','[]','2018-02-26 17:22:19','2018-02-26 17:22:19'),(162,2,'admin/qr','GET','127.0.0.1','[]','2018-02-26 17:47:18','2018-02-26 17:47:18'),(163,2,'admin/qr','GET','127.0.0.1','[]','2018-02-26 17:50:06','2018-02-26 17:50:06'),(164,2,'admin','GET','127.0.0.1','[]','2018-02-26 17:50:12','2018-02-26 17:50:12'),(165,2,'admin/qr','GET','127.0.0.1','{\"_pjax\":\"#pjax-container\"}','2018-02-26 17:50:14','2018-02-26 17:50:14'),(166,2,'admin/qr','GET','127.0.0.1','[]','2018-02-26 17:50:14','2018-02-26 17:50:14'),(167,2,'admin/qr','GET','127.0.0.1','[]','2018-02-26 17:54:26','2018-02-26 17:54:26'),(168,2,'admin/qr','GET','127.0.0.1','[]','2018-02-26 17:54:30','2018-02-26 17:54:30'),(169,2,'admin/qr','GET','127.0.0.1','[]','2018-02-26 17:54:32','2018-02-26 17:54:32'),(170,2,'admin/qr','GET','127.0.0.1','[]','2018-02-26 17:57:22','2018-02-26 17:57:22'),(171,2,'admin/qr','GET','127.0.0.1','[]','2018-02-26 17:57:24','2018-02-26 17:57:24'),(172,2,'admin/qr','GET','127.0.0.1','[]','2018-02-26 17:57:28','2018-02-26 17:57:28'),(173,2,'admin/qr','GET','127.0.0.1','{\"_pjax\":\"#pjax-container\"}','2018-02-26 17:57:32','2018-02-26 17:57:32'),(174,2,'admin/qr','GET','127.0.0.1','[]','2018-02-26 18:02:57','2018-02-26 18:02:57'),(175,2,'admin/auth/login','GET','127.0.0.1','[]','2018-02-26 18:03:02','2018-02-26 18:03:02'),(176,2,'admin/qr','GET','127.0.0.1','{\"_pjax\":\"#pjax-container\"}','2018-02-26 18:03:04','2018-02-26 18:03:04'),(177,2,'admin/qr','GET','127.0.0.1','[]','2018-02-26 18:03:10','2018-02-26 18:03:10'),(178,2,'admin/qr','GET','127.0.0.1','[]','2018-02-26 18:07:49','2018-02-26 18:07:49'),(179,2,'admin/qr','GET','127.0.0.1','[]','2018-02-26 18:07:52','2018-02-26 18:07:52'),(180,2,'admin/qr','GET','127.0.0.1','[]','2018-02-26 18:08:35','2018-02-26 18:08:35'),(181,2,'admin','GET','127.0.0.1','[]','2018-02-26 18:08:46','2018-02-26 18:08:46'),(182,2,'admin/qr','GET','127.0.0.1','{\"_pjax\":\"#pjax-container\"}','2018-02-26 18:08:48','2018-02-26 18:08:48'),(183,2,'admin/qr','GET','127.0.0.1','[]','2018-02-26 18:08:49','2018-02-26 18:08:49'),(184,2,'admin/qr','GET','127.0.0.1','[]','2018-02-26 18:11:28','2018-02-26 18:11:28'),(185,2,'admin/qr','GET','127.0.0.1','[]','2018-02-26 18:11:30','2018-02-26 18:11:30'),(186,2,'admin/qr','GET','127.0.0.1','[]','2018-02-26 18:11:44','2018-02-26 18:11:44'),(187,2,'admin/qr','GET','127.0.0.1','[]','2018-02-26 18:13:01','2018-02-26 18:13:01'),(188,2,'admin/qr','GET','127.0.0.1','[]','2018-02-26 18:13:03','2018-02-26 18:13:03'),(189,2,'admin/qr','GET','127.0.0.1','[]','2018-02-26 18:14:17','2018-02-26 18:14:17'),(190,2,'admin/qr','GET','127.0.0.1','[]','2018-02-26 18:14:31','2018-02-26 18:14:31'),(191,2,'admin/qr','GET','127.0.0.1','{\"_pjax\":\"#pjax-container\"}','2018-02-26 18:14:35','2018-02-26 18:14:35'),(192,2,'admin/qr','GET','127.0.0.1','[]','2018-02-26 18:15:58','2018-02-26 18:15:58'),(193,2,'admin','GET','127.0.0.1','[]','2018-02-26 18:16:08','2018-02-26 18:16:08'),(194,2,'admin/qr','GET','127.0.0.1','{\"_pjax\":\"#pjax-container\"}','2018-02-26 18:16:10','2018-02-26 18:16:10'),(195,2,'admin/qr','GET','127.0.0.1','[]','2018-02-26 18:19:05','2018-02-26 18:19:05'),(196,2,'admin/qr','GET','127.0.0.1','[]','2018-02-26 18:20:09','2018-02-26 18:20:09'),(197,2,'admin/qr','GET','127.0.0.1','[]','2018-02-26 18:20:11','2018-02-26 18:20:11'),(198,2,'admin/qr','GET','127.0.0.1','[]','2018-02-26 18:21:21','2018-02-26 18:21:21'),(199,2,'admin/qr','GET','127.0.0.1','[]','2018-02-26 18:22:55','2018-02-26 18:22:55'),(200,2,'admin/qr','GET','127.0.0.1','[]','2018-02-26 18:39:04','2018-02-26 18:39:04'),(201,2,'admin/qr','GET','127.0.0.1','[]','2018-02-26 18:40:19','2018-02-26 18:40:19'),(202,2,'admin/qr','GET','127.0.0.1','[]','2018-02-26 18:40:49','2018-02-26 18:40:49'),(203,2,'admin/qr','GET','127.0.0.1','{\"_pjax\":\"#pjax-container\"}','2018-02-26 18:40:52','2018-02-26 18:40:52'),(204,2,'admin/qr','GET','127.0.0.1','{\"_pjax\":\"#pjax-container\"}','2018-02-26 18:40:53','2018-02-26 18:40:53'),(205,2,'admin/qr','GET','127.0.0.1','[]','2018-02-26 18:43:27','2018-02-26 18:43:27'),(206,2,'admin/qr','GET','127.0.0.1','[]','2018-02-26 18:43:54','2018-02-26 18:43:54'),(207,2,'admin/qr','GET','127.0.0.1','[]','2018-02-26 18:54:25','2018-02-26 18:54:25'),(208,2,'admin/qr','GET','127.0.0.1','[]','2018-02-26 18:58:59','2018-02-26 18:58:59'),(209,2,'admin/qr','GET','127.0.0.1','[]','2018-02-26 19:01:35','2018-02-26 19:01:35'),(210,2,'admin/qr','GET','127.0.0.1','[]','2018-02-26 19:01:58','2018-02-26 19:01:58'),(211,2,'admin/qr','GET','127.0.0.1','[]','2018-02-26 19:04:58','2018-02-26 19:04:58'),(212,2,'admin/qr','GET','127.0.0.1','[]','2018-02-26 19:05:12','2018-02-26 19:05:12'),(213,2,'admin/qr','GET','127.0.0.1','[]','2018-02-26 19:06:48','2018-02-26 19:06:48'),(214,2,'admin/qr','GET','127.0.0.1','[]','2018-02-26 19:08:13','2018-02-26 19:08:13'),(215,2,'admin/qr','GET','127.0.0.1','[]','2018-02-26 19:08:26','2018-02-26 19:08:26'),(216,2,'admin/qr','GET','127.0.0.1','[]','2018-02-26 19:13:23','2018-02-26 19:13:23'),(217,1,'admin','GET','127.0.0.1','[]','2018-03-01 05:49:14','2018-03-01 05:49:14'),(218,1,'admin/qr','GET','127.0.0.1','{\"_pjax\":\"#pjax-container\"}','2018-03-01 05:49:20','2018-03-01 05:49:20'),(219,1,'admin','GET','127.0.0.1','[]','2018-03-03 16:29:34','2018-03-03 16:29:34'),(220,1,'admin/auth/users','GET','127.0.0.1','{\"_pjax\":\"#pjax-container\"}','2018-03-03 16:29:39','2018-03-03 16:29:39'),(221,1,'admin/auth/roles','GET','127.0.0.1','{\"_pjax\":\"#pjax-container\"}','2018-03-03 16:29:45','2018-03-03 16:29:45'),(222,1,'admin/auth/permissions','GET','127.0.0.1','{\"_pjax\":\"#pjax-container\"}','2018-03-03 16:29:48','2018-03-03 16:29:48'),(223,1,'admin/qr','GET','127.0.0.1','{\"_pjax\":\"#pjax-container\"}','2018-03-03 16:29:51','2018-03-03 16:29:51'),(224,1,'admin/auth/logout','GET','127.0.0.1','{\"_pjax\":\"#pjax-container\"}','2018-03-03 16:29:59','2018-03-03 16:29:59'),(225,1,'admin','GET','127.0.0.1','[]','2018-03-22 19:57:26','2018-03-22 19:57:26'),(226,1,'admin/qr','GET','127.0.0.1','{\"_pjax\":\"#pjax-container\"}','2018-03-22 19:57:32','2018-03-22 19:57:32'),(227,1,'admin/auth/menu','GET','127.0.0.1','{\"_pjax\":\"#pjax-container\"}','2018-03-22 20:02:11','2018-03-22 20:02:11'),(228,1,'admin/auth/menu','POST','127.0.0.1','{\"parent_id\":\"0\",\"title\":\"\\u4f5c\\u4e1a\\u5e03\\u7f6e\",\"icon\":\"fa-calendar-plus-o\",\"uri\":\"\\/admin\\/homework\",\"roles\":[\"1\",\"2\",null],\"_token\":\"Z55Vv4QvLoSSiRVrfzFy6OSZFegR2eeMHSI4sqx3\"}','2018-03-22 20:04:23','2018-03-22 20:04:23'),(229,1,'admin/auth/menu','GET','127.0.0.1','[]','2018-03-22 20:04:23','2018-03-22 20:04:23'),(230,1,'admin/auth/menu/9/edit','GET','127.0.0.1','{\"_pjax\":\"#pjax-container\"}','2018-03-22 20:04:26','2018-03-22 20:04:26'),(231,1,'admin/auth/menu/9','PUT','127.0.0.1','{\"parent_id\":\"0\",\"title\":\"\\u4f5c\\u4e1a\\u5e03\\u7f6e\",\"icon\":\"fa-calendar-plus-o\",\"uri\":\"\\/homework\",\"roles\":[\"1\",\"2\",null],\"_token\":\"Z55Vv4QvLoSSiRVrfzFy6OSZFegR2eeMHSI4sqx3\",\"_method\":\"PUT\",\"_previous_\":\"http:\\/\\/localhost:8000\\/admin\\/auth\\/menu\"}','2018-03-22 20:04:33','2018-03-22 20:04:33'),(232,1,'admin/auth/menu','GET','127.0.0.1','[]','2018-03-22 20:04:33','2018-03-22 20:04:33'),(233,1,'admin/auth/menu','GET','127.0.0.1','[]','2018-03-22 20:04:39','2018-03-22 20:04:39'),(234,1,'admin/auth/menu','GET','127.0.0.1','[]','2018-03-22 23:49:07','2018-03-22 23:49:07'),(235,1,'admin/auth/menu','GET','127.0.0.1','[]','2018-03-22 23:53:33','2018-03-22 23:53:33'),(236,1,'admin/homework','GET','127.0.0.1','{\"_pjax\":\"#pjax-container\"}','2018-03-22 23:53:35','2018-03-22 23:53:35'),(237,1,'admin/homework','GET','127.0.0.1','{\"_pjax\":\"#pjax-container\"}','2018-03-22 23:53:36','2018-03-22 23:53:36'),(238,1,'admin/homework','GET','127.0.0.1','[]','2018-03-23 03:47:57','2018-03-23 03:47:57'),(239,1,'admin/homework','GET','127.0.0.1','[]','2018-03-23 03:49:03','2018-03-23 03:49:03'),(240,1,'admin/homework','GET','127.0.0.1','[]','2018-03-23 03:49:06','2018-03-23 03:49:06'),(241,1,'admin/homework','GET','127.0.0.1','[]','2018-03-23 03:49:07','2018-03-23 03:49:07'),(242,1,'admin/auth/login','GET','127.0.0.1','[]','2018-03-23 03:49:09','2018-03-23 03:49:09'),(243,1,'admin/qr','GET','127.0.0.1','{\"_pjax\":\"#pjax-container\"}','2018-03-23 03:49:11','2018-03-23 03:49:11'),(244,1,'admin/qr','GET','127.0.0.1','[]','2018-03-23 03:49:15','2018-03-23 03:49:15'),(245,1,'admin/homework','GET','127.0.0.1','{\"_pjax\":\"#pjax-container\"}','2018-03-23 03:49:16','2018-03-23 03:49:16'),(246,1,'admin/homework','GET','127.0.0.1','[]','2018-03-23 04:07:21','2018-03-23 04:07:21'),(247,1,'admin','GET','127.0.0.1','[]','2018-03-23 04:07:30','2018-03-23 04:07:30'),(248,1,'admin/homework','GET','127.0.0.1','{\"_pjax\":\"#pjax-container\"}','2018-03-23 04:07:31','2018-03-23 04:07:31'),(249,1,'admin/homework','GET','127.0.0.1','[]','2018-03-23 04:12:34','2018-03-23 04:12:34'),(250,1,'admin','GET','127.0.0.1','[]','2018-03-23 04:12:41','2018-03-23 04:12:41'),(251,1,'admin','GET','127.0.0.1','[]','2018-03-23 04:13:17','2018-03-23 04:13:17'),(252,1,'admin/homework','GET','127.0.0.1','{\"_pjax\":\"#pjax-container\"}','2018-03-23 04:13:18','2018-03-23 04:13:18'),(253,1,'admin/homework','GET','127.0.0.1','[]','2018-03-23 04:13:49','2018-03-23 04:13:49'),(254,1,'admin/homework','GET','127.0.0.1','{\"_pjax\":\"#pjax-container\"}','2018-03-23 04:13:54','2018-03-23 04:13:54'),(255,1,'admin','GET','127.0.0.1','[]','2018-03-23 04:14:48','2018-03-23 04:14:48'),(256,1,'admin/homework','GET','127.0.0.1','{\"_pjax\":\"#pjax-container\"}','2018-03-23 04:14:50','2018-03-23 04:14:50'),(257,1,'admin/homework','GET','127.0.0.1','{\"_pjax\":\"#pjax-container\"}','2018-03-23 04:19:22','2018-03-23 04:19:22'),(258,1,'admin/homework','GET','127.0.0.1','{\"_pjax\":\"#pjax-container\"}','2018-03-23 04:19:24','2018-03-23 04:19:24'),(259,1,'admin/qr','GET','127.0.0.1','{\"_pjax\":\"#pjax-container\"}','2018-03-23 04:19:26','2018-03-23 04:19:26'),(260,1,'admin/homework','GET','127.0.0.1','{\"_pjax\":\"#pjax-container\"}','2018-03-23 04:19:28','2018-03-23 04:19:28'),(261,1,'admin/homework','GET','127.0.0.1','{\"_pjax\":\"#pjax-container\"}','2018-03-23 04:34:15','2018-03-23 04:34:15'),(262,1,'admin/homework','GET','127.0.0.1','[]','2018-03-23 04:34:15','2018-03-23 04:34:15'),(263,1,'admin/homework','GET','127.0.0.1','[]','2018-03-23 04:34:15','2018-03-23 04:34:15'),(264,1,'admin/homework','GET','127.0.0.1','[]','2018-03-23 04:34:16','2018-03-23 04:34:16'),(265,1,'admin/homework','GET','127.0.0.1','[]','2018-03-23 04:34:16','2018-03-23 04:34:16'),(266,1,'admin/homework','GET','127.0.0.1','[]','2018-03-23 04:34:16','2018-03-23 04:34:16'),(267,1,'admin/homework','GET','127.0.0.1','[]','2018-03-23 04:34:16','2018-03-23 04:34:16'),(268,1,'admin/homework','GET','127.0.0.1','[]','2018-03-23 04:34:16','2018-03-23 04:34:16'),(269,1,'admin/homework','GET','127.0.0.1','[]','2018-03-23 04:34:16','2018-03-23 04:34:16'),(270,1,'admin/homework','GET','127.0.0.1','[]','2018-03-23 04:34:16','2018-03-23 04:34:16'),(271,1,'admin/homework','GET','127.0.0.1','[]','2018-03-23 04:34:17','2018-03-23 04:34:17'),(272,1,'admin/homework','GET','127.0.0.1','[]','2018-03-23 04:34:17','2018-03-23 04:34:17'),(273,1,'admin/homework','GET','127.0.0.1','[]','2018-03-23 04:34:17','2018-03-23 04:34:17'),(274,1,'admin/homework','GET','127.0.0.1','[]','2018-03-23 04:34:17','2018-03-23 04:34:17'),(275,1,'admin/homework','GET','127.0.0.1','[]','2018-03-23 04:34:17','2018-03-23 04:34:17'),(276,1,'admin/homework','GET','127.0.0.1','[]','2018-03-23 04:34:17','2018-03-23 04:34:17'),(277,1,'admin/homework','GET','127.0.0.1','[]','2018-03-23 04:34:17','2018-03-23 04:34:17'),(278,1,'admin/homework','GET','127.0.0.1','[]','2018-03-23 04:34:18','2018-03-23 04:34:18'),(279,1,'admin/homework','GET','127.0.0.1','[]','2018-03-23 04:34:18','2018-03-23 04:34:18'),(280,1,'admin/homework','GET','127.0.0.1','[]','2018-03-23 04:34:18','2018-03-23 04:34:18'),(281,1,'admin/homework','GET','127.0.0.1','[]','2018-03-23 04:34:18','2018-03-23 04:34:18'),(282,1,'admin/homework','GET','127.0.0.1','[]','2018-03-23 04:34:18','2018-03-23 04:34:18'),(283,1,'admin/homework','GET','127.0.0.1','[]','2018-03-23 04:35:57','2018-03-23 04:35:57'),(284,1,'admin/homework','GET','127.0.0.1','[]','2018-03-23 20:25:33','2018-03-23 20:25:33'),(285,1,'admin/homework','GET','127.0.0.1','[]','2018-03-23 20:25:36','2018-03-23 20:25:36'),(286,1,'admin/homework','GET','127.0.0.1','[]','2018-03-23 20:25:37','2018-03-23 20:25:37'),(287,1,'admin/homework','GET','127.0.0.1','[]','2018-03-23 20:25:40','2018-03-23 20:25:40'),(288,1,'admin','GET','127.0.0.1','[]','2018-03-23 20:25:46','2018-03-23 20:25:46'),(289,1,'admin/homework','GET','127.0.0.1','{\"_pjax\":\"#pjax-container\"}','2018-03-23 20:25:48','2018-03-23 20:25:48'),(290,1,'admin/homework','GET','127.0.0.1','[]','2018-03-23 20:28:32','2018-03-23 20:28:32'),(291,1,'admin','GET','127.0.0.1','[]','2018-03-23 20:28:35','2018-03-23 20:28:35'),(292,1,'admin/homework','GET','127.0.0.1','{\"_pjax\":\"#pjax-container\"}','2018-03-23 20:28:36','2018-03-23 20:28:36'),(293,1,'admin/homework','GET','127.0.0.1','{\"_pjax\":\"#pjax-container\"}','2018-03-23 20:33:29','2018-03-23 20:33:29'),(294,1,'admin/homework','GET','127.0.0.1','{\"_pjax\":\"#pjax-container\"}','2018-03-23 20:34:55','2018-03-23 20:34:55'),(295,1,'admin/qr','GET','127.0.0.1','{\"_pjax\":\"#pjax-container\"}','2018-03-23 20:34:58','2018-03-23 20:34:58'),(296,1,'admin/homework','GET','127.0.0.1','{\"_pjax\":\"#pjax-container\"}','2018-03-23 20:34:59','2018-03-23 20:34:59'),(297,1,'admin/homework','GET','127.0.0.1','[]','2018-03-23 20:35:01','2018-03-23 20:35:01'),(298,1,'admin/homework','GET','127.0.0.1','[]','2018-03-23 20:35:03','2018-03-23 20:35:03'),(299,1,'admin/homework','GET','127.0.0.1','[]','2018-03-23 20:35:06','2018-03-23 20:35:06'),(300,1,'admin/homework','GET','127.0.0.1','[]','2018-03-23 20:35:09','2018-03-23 20:35:09'),(301,1,'admin','GET','127.0.0.1','[]','2018-03-23 20:35:17','2018-03-23 20:35:17'),(302,1,'admin/homework','GET','127.0.0.1','{\"_pjax\":\"#pjax-container\"}','2018-03-23 20:35:19','2018-03-23 20:35:19'),(303,1,'admin','GET','127.0.0.1','[]','2018-03-23 20:42:24','2018-03-23 20:42:24'),(304,1,'admin/homework','GET','127.0.0.1','{\"_pjax\":\"#pjax-container\"}','2018-03-23 20:42:25','2018-03-23 20:42:25'),(305,1,'admin/homework','GET','127.0.0.1','[]','2018-03-23 20:44:08','2018-03-23 20:44:08'),(306,1,'admin/homework','GET','127.0.0.1','[]','2018-03-23 20:44:11','2018-03-23 20:44:11'),(307,1,'admin','GET','127.0.0.1','[]','2018-03-23 20:44:19','2018-03-23 20:44:19'),(308,1,'admin/homework','GET','127.0.0.1','{\"_pjax\":\"#pjax-container\"}','2018-03-23 20:44:24','2018-03-23 20:44:24'),(309,1,'admin','GET','127.0.0.1','[]','2018-03-23 20:45:31','2018-03-23 20:45:31'),(310,1,'admin/homework','GET','127.0.0.1','{\"_pjax\":\"#pjax-container\"}','2018-03-23 20:45:33','2018-03-23 20:45:33'),(311,1,'admin/homework','GET','127.0.0.1','{\"_pjax\":\"#pjax-container\"}','2018-03-23 20:45:51','2018-03-23 20:45:51'),(312,1,'admin/homework','GET','127.0.0.1','{\"_pjax\":\"#pjax-container\"}','2018-03-23 20:57:49','2018-03-23 20:57:49'),(313,1,'admin/homework','GET','127.0.0.1','[]','2018-03-23 20:57:49','2018-03-23 20:57:49'),(314,1,'admin/homework','GET','127.0.0.1','[]','2018-03-23 20:57:49','2018-03-23 20:57:49'),(315,1,'admin/homework','GET','127.0.0.1','[]','2018-03-23 20:57:50','2018-03-23 20:57:50'),(316,1,'admin/homework','GET','127.0.0.1','[]','2018-03-23 20:57:50','2018-03-23 20:57:50'),(317,1,'admin/homework','GET','127.0.0.1','[]','2018-03-23 20:57:51','2018-03-23 20:57:51'),(318,1,'admin/homework','GET','127.0.0.1','[]','2018-03-23 20:57:51','2018-03-23 20:57:51'),(319,1,'admin/homework','GET','127.0.0.1','[]','2018-03-23 20:57:52','2018-03-23 20:57:52'),(320,1,'admin/homework','GET','127.0.0.1','[]','2018-03-23 20:57:52','2018-03-23 20:57:52'),(321,1,'admin/homework','GET','127.0.0.1','[]','2018-03-23 20:57:52','2018-03-23 20:57:52'),(322,1,'admin/homework','GET','127.0.0.1','[]','2018-03-23 20:57:53','2018-03-23 20:57:53'),(323,1,'admin/homework','GET','127.0.0.1','[]','2018-03-23 20:57:53','2018-03-23 20:57:53'),(324,1,'admin/homework','GET','127.0.0.1','[]','2018-03-23 20:57:54','2018-03-23 20:57:54'),(325,1,'admin/homework','GET','127.0.0.1','[]','2018-03-23 20:57:54','2018-03-23 20:57:54'),(326,1,'admin/homework','GET','127.0.0.1','[]','2018-03-23 20:57:54','2018-03-23 20:57:54'),(327,1,'admin/homework','GET','127.0.0.1','[]','2018-03-23 20:57:55','2018-03-23 20:57:55'),(328,1,'admin/homework','GET','127.0.0.1','[]','2018-03-23 20:57:55','2018-03-23 20:57:55'),(329,1,'admin/homework','GET','127.0.0.1','[]','2018-03-23 20:57:56','2018-03-23 20:57:56'),(330,1,'admin/homework','GET','127.0.0.1','[]','2018-03-23 20:57:56','2018-03-23 20:57:56'),(331,1,'admin/homework','GET','127.0.0.1','[]','2018-03-23 20:57:56','2018-03-23 20:57:56'),(332,1,'admin/homework','GET','127.0.0.1','[]','2018-03-23 20:57:57','2018-03-23 20:57:57'),(333,1,'admin/homework','GET','127.0.0.1','[]','2018-03-23 20:57:57','2018-03-23 20:57:57'),(334,1,'admin/homework','GET','127.0.0.1','[]','2018-03-23 21:03:55','2018-03-23 21:03:55'),(335,1,'admin/homework','GET','127.0.0.1','[]','2018-03-23 21:03:59','2018-03-23 21:03:59'),(336,1,'admin/homework','GET','127.0.0.1','[]','2018-03-23 21:04:00','2018-03-23 21:04:00'),(337,1,'admin/homework','GET','127.0.0.1','[]','2018-03-23 21:04:00','2018-03-23 21:04:00'),(338,1,'admin/homework','GET','127.0.0.1','[]','2018-03-23 21:04:02','2018-03-23 21:04:02'),(339,1,'admin/homework','GET','127.0.0.1','[]','2018-03-23 21:04:07','2018-03-23 21:04:07'),(340,1,'admin','GET','127.0.0.1','[]','2018-03-23 21:04:07','2018-03-23 21:04:07'),(341,1,'admin/homework','GET','127.0.0.1','{\"_pjax\":\"#pjax-container\"}','2018-03-23 21:04:09','2018-03-23 21:04:09'),(342,1,'admin/homework','GET','127.0.0.1','[]','2018-03-23 21:05:35','2018-03-23 21:05:35'),(343,1,'admin/homework','GET','127.0.0.1','[]','2018-03-23 21:05:40','2018-03-23 21:05:40'),(344,1,'admin/homework','GET','127.0.0.1','[]','2018-03-23 21:05:42','2018-03-23 21:05:42'),(345,1,'admin','GET','127.0.0.1','[]','2018-03-23 21:05:44','2018-03-23 21:05:44'),(346,1,'admin/homework','GET','127.0.0.1','{\"_pjax\":\"#pjax-container\"}','2018-03-23 21:05:45','2018-03-23 21:05:45'),(347,1,'admin/homework','GET','127.0.0.1','[]','2018-03-23 21:10:07','2018-03-23 21:10:07'),(348,1,'admin/homework','GET','127.0.0.1','[]','2018-03-23 21:11:00','2018-03-23 21:11:00'),(349,1,'admin/homework','GET','127.0.0.1','[]','2018-03-23 21:11:03','2018-03-23 21:11:03'),(350,1,'admin','GET','127.0.0.1','[]','2018-03-23 21:11:06','2018-03-23 21:11:06'),(351,1,'admin/homework','GET','127.0.0.1','{\"_pjax\":\"#pjax-container\"}','2018-03-23 21:11:08','2018-03-23 21:11:08'),(352,1,'admin/qr','GET','127.0.0.1','{\"_pjax\":\"#pjax-container\"}','2018-03-23 21:11:41','2018-03-23 21:11:41'),(353,1,'admin/homework','GET','127.0.0.1','{\"_pjax\":\"#pjax-container\"}','2018-03-23 21:11:43','2018-03-23 21:11:43'),(354,1,'admin/qr','GET','127.0.0.1','{\"_pjax\":\"#pjax-container\"}','2018-03-23 21:11:48','2018-03-23 21:11:48'),(355,1,'admin/homework','GET','127.0.0.1','{\"_pjax\":\"#pjax-container\"}','2018-03-23 21:12:06','2018-03-23 21:12:06'),(356,1,'admin/homework','GET','127.0.0.1','{\"_pjax\":\"#pjax-container\"}','2018-03-23 21:17:25','2018-03-23 21:17:25'),(357,1,'admin/homework','GET','127.0.0.1','[]','2018-03-23 21:17:51','2018-03-23 21:17:51'),(358,1,'admin','GET','127.0.0.1','[]','2018-03-23 21:17:56','2018-03-23 21:17:56'),(359,1,'admin/homework','GET','127.0.0.1','{\"_pjax\":\"#pjax-container\"}','2018-03-23 21:17:57','2018-03-23 21:17:57'),(360,1,'admin/homework','GET','127.0.0.1','[]','2018-03-23 21:18:23','2018-03-23 21:18:23'),(361,1,'admin/homework','GET','127.0.0.1','[]','2018-03-23 21:18:25','2018-03-23 21:18:25'),(362,1,'admin','GET','127.0.0.1','[]','2018-03-23 21:18:32','2018-03-23 21:18:32'),(363,1,'admin/homework','GET','127.0.0.1','{\"_pjax\":\"#pjax-container\"}','2018-03-23 21:18:34','2018-03-23 21:18:34'),(364,1,'admin/homework','GET','127.0.0.1','[]','2018-03-23 21:19:38','2018-03-23 21:19:38'),(365,1,'admin','GET','127.0.0.1','[]','2018-03-23 21:19:42','2018-03-23 21:19:42'),(366,1,'admin/homework','GET','127.0.0.1','{\"_pjax\":\"#pjax-container\"}','2018-03-23 21:19:44','2018-03-23 21:19:44'),(367,1,'admin/homework','GET','127.0.0.1','[]','2018-03-23 21:20:16','2018-03-23 21:20:16'),(368,1,'admin/homework','GET','127.0.0.1','[]','2018-03-23 21:20:18','2018-03-23 21:20:18'),(369,1,'admin','GET','127.0.0.1','[]','2018-03-23 21:20:22','2018-03-23 21:20:22'),(370,1,'admin/homework','GET','127.0.0.1','{\"_pjax\":\"#pjax-container\"}','2018-03-23 21:20:23','2018-03-23 21:20:23'),(371,1,'admin/qr','GET','127.0.0.1','{\"_pjax\":\"#pjax-container\"}','2018-03-23 21:21:27','2018-03-23 21:21:27'),(372,1,'admin/homework','GET','127.0.0.1','{\"_pjax\":\"#pjax-container\"}','2018-03-23 21:21:29','2018-03-23 21:21:29'),(373,1,'admin/qr','GET','127.0.0.1','{\"_pjax\":\"#pjax-container\"}','2018-03-23 21:22:13','2018-03-23 21:22:13'),(374,1,'admin/homework','GET','127.0.0.1','{\"_pjax\":\"#pjax-container\"}','2018-03-23 21:22:13','2018-03-23 21:22:13'),(375,1,'admin/homework','GET','127.0.0.1','[]','2018-03-23 21:23:27','2018-03-23 21:23:27'),(376,1,'admin','GET','127.0.0.1','[]','2018-03-23 21:23:32','2018-03-23 21:23:32'),(377,1,'admin/homework','GET','127.0.0.1','{\"_pjax\":\"#pjax-container\"}','2018-03-23 21:23:33','2018-03-23 21:23:33'),(378,1,'admin/qr','GET','127.0.0.1','{\"_pjax\":\"#pjax-container\"}','2018-03-23 21:24:46','2018-03-23 21:24:46'),(379,1,'admin/homework','GET','127.0.0.1','{\"_pjax\":\"#pjax-container\"}','2018-03-23 21:24:47','2018-03-23 21:24:47'),(380,1,'admin','GET','127.0.0.1','[]','2018-03-23 21:29:23','2018-03-23 21:29:23'),(381,1,'admin/homework','GET','127.0.0.1','{\"_pjax\":\"#pjax-container\"}','2018-03-23 21:29:25','2018-03-23 21:29:25'),(382,1,'admin/homework','GET','127.0.0.1','{\"_pjax\":\"#pjax-container\"}','2018-03-23 21:32:10','2018-03-23 21:32:10'),(383,1,'admin/homework','GET','127.0.0.1','{\"_pjax\":\"#pjax-container\"}','2018-03-23 21:33:12','2018-03-23 21:33:12'),(384,1,'admin/homework','GET','127.0.0.1','{\"_pjax\":\"#pjax-container\"}','2018-03-23 21:34:12','2018-03-23 21:34:12'),(385,1,'admin/homework','GET','127.0.0.1','{\"_pjax\":\"#pjax-container\"}','2018-03-23 21:34:18','2018-03-23 21:34:18'),(386,1,'admin/qr','GET','127.0.0.1','{\"_pjax\":\"#pjax-container\"}','2018-03-23 21:34:19','2018-03-23 21:34:19'),(387,1,'admin/homework','GET','127.0.0.1','{\"_pjax\":\"#pjax-container\"}','2018-03-23 21:34:20','2018-03-23 21:34:20'),(388,1,'admin/qr','GET','127.0.0.1','{\"_pjax\":\"#pjax-container\"}','2018-03-23 21:34:32','2018-03-23 21:34:32'),(389,1,'admin/homework','GET','127.0.0.1','{\"_pjax\":\"#pjax-container\"}','2018-03-23 21:34:33','2018-03-23 21:34:33'),(390,1,'admin/homework','GET','127.0.0.1','[]','2018-03-23 21:34:35','2018-03-23 21:34:35'),(391,1,'admin/homework','GET','127.0.0.1','{\"_pjax\":\"#pjax-container\"}','2018-03-23 21:35:10','2018-03-23 21:35:10'),(392,1,'admin/homework','GET','127.0.0.1','{\"_pjax\":\"#pjax-container\"}','2018-03-23 21:39:26','2018-03-23 21:39:26'),(393,1,'admin','GET','127.0.0.1','[]','2018-03-23 21:39:40','2018-03-23 21:39:40'),(394,1,'admin/homework','GET','127.0.0.1','{\"_pjax\":\"#pjax-container\"}','2018-03-23 21:39:42','2018-03-23 21:39:42'),(395,1,'admin','GET','127.0.0.1','[]','2018-03-23 21:40:08','2018-03-23 21:40:08'),(396,1,'admin/homework','GET','127.0.0.1','{\"_pjax\":\"#pjax-container\"}','2018-03-23 21:40:10','2018-03-23 21:40:10'),(397,1,'admin','GET','127.0.0.1','[]','2018-03-23 21:40:10','2018-03-23 21:40:10'),(398,1,'admin/homework','GET','127.0.0.1','{\"_pjax\":\"#pjax-container\"}','2018-03-23 21:40:32','2018-03-23 21:40:32'),(399,1,'admin/homework','GET','127.0.0.1','{\"_pjax\":\"#pjax-container\"}','2018-03-23 21:40:33','2018-03-23 21:40:33'),(400,1,'admin/homework','GET','127.0.0.1','{\"_pjax\":\"#pjax-container\"}','2018-03-23 21:45:30','2018-03-23 21:45:30'),(401,1,'admin/homework','GET','127.0.0.1','{\"_pjax\":\"#pjax-container\"}','2018-03-23 21:46:29','2018-03-23 21:46:29'),(402,1,'admin/homework/complete','POST','127.0.0.1','{\"coursename\":\"\\u9ad8\\u7b49\\u6570\\u5b66\",\"departid\":[\"1\",\"2\",null],\"content\":\"<p>fds<\\/p>\",\"subtime\":\"\\u4e0b\\u5468\\u4e8c10\\u70b9\\u524d\",\"teacherid\":\"{\\\"id\\\":1,\\\"username\\\":\\\"admin\\\",\\\"password\\\":\\\"$2y$10$4m6Q0n6mRUwqXLVGf2akFOE7uvpRK17Crn10qF75dc7CCZXnj8j3i\\\",\\\"name\\\":\\\"Administrator\\\",\\\"avatar\\\":\\\"http:\\\\\\/\\\\\\/localhost:8000\\\\\\/vendor\\\\\\/laravel-admin\\\\\\/AdminLTE\\\\\\/dist\\\\\\/img\\\\\\/user2-160x160.jpg\\\",\\\"remember_token\\\":\\\"Ktjou6Vol8NQHDQGFFtVDTD4QObeY2PaUBn1RrXKX06hrwZ0U5jDp8yE73p7\\\",\\\"created_at\\\":\\\"2018-02-21 08:56:50\\\",\\\"updated_at\\\":\\\"2018-02-21 08:56:50\\\",\\\"permissions\\\":[]}\",\"_token\":\"sii45zWSycC1hEuvRkDAYserAcROYLb38tmMZd2s\"}','2018-03-23 21:46:37','2018-03-23 21:46:37'),(403,1,'admin','GET','127.0.0.1','[]','2018-03-23 21:48:57','2018-03-23 21:48:57'),(404,1,'admin/homework','GET','127.0.0.1','{\"_pjax\":\"#pjax-container\"}','2018-03-23 21:48:59','2018-03-23 21:48:59'),(405,1,'admin/homework/complete','POST','127.0.0.1','{\"coursename\":\"\\u9ad8\\u7b49\\u6570\\u5b66\",\"departid\":[\"1\",\"2\",null],\"content\":\"<p>fdsfds<\\/p>\",\"subtime\":\"\\u4e0b\\u5468\\u4e8c10\\u70b9\\u524d\",\"teacherid\":\"1\",\"_token\":\"sii45zWSycC1hEuvRkDAYserAcROYLb38tmMZd2s\",\"_previous_\":\"http:\\/\\/localhost:8000\\/admin\"}','2018-03-23 21:49:11','2018-03-23 21:49:11'),(406,1,'admin/homework','GET','127.0.0.1','{\"_pjax\":\"#pjax-container\"}','2018-03-23 21:59:39','2018-03-23 21:59:39'),(407,1,'admin/homework/complete','POST','127.0.0.1','{\"coursename\":\"\\u9ad8\\u7b49\\u6570\\u5b66\",\"departid\":[\"1\",\"2\",null],\"content\":\"<p>\\u8fd9\\u662f\\u7b2c\\u4e00\\u4e2a\\u4f5c\\u4e1a\\u7684\\u6d4b\\u8bd5\\u5185\\u5bb9<\\/p>\",\"subtime\":\"\\u4e0b\\u5468\\u4e8c10\\u70b9\\u524d\",\"teacherid\":\"1\",\"_token\":\"sii45zWSycC1hEuvRkDAYserAcROYLb38tmMZd2s\",\"_previous_\":\"http:\\/\\/localhost:8000\\/admin\\/homework\\/complete\"}','2018-03-23 21:59:58','2018-03-23 21:59:58'),(408,1,'admin/homework','GET','127.0.0.1','[]','2018-03-23 21:59:59','2018-03-23 21:59:59'),(409,1,'admin/homework','GET','127.0.0.1','{\"_pjax\":\"#pjax-container\"}','2018-03-23 22:00:54','2018-03-23 22:00:54'),(410,1,'admin/homework/complete','POST','127.0.0.1','{\"coursename\":\"\\u9ad8\\u7b49\\u6570\\u5b66\",\"departid\":[\"1\",\"2\",null],\"content\":\"<p>\\u98de\\u673a\\u6389<\\/p>\",\"subtime\":\"\\u4e0b\\u5468\\u4e8c10\\u70b9\\u524d\",\"teacherid\":\"1\",\"_token\":\"sii45zWSycC1hEuvRkDAYserAcROYLb38tmMZd2s\"}','2018-03-23 22:01:07','2018-03-23 22:01:07'),(411,1,'admin','GET','127.0.0.1','[]','2018-03-25 05:29:19','2018-03-25 05:29:19'),(412,1,'admin','GET','127.0.0.1','[]','2018-03-27 19:17:54','2018-03-27 19:17:54'),(413,1,'admin/auth/menu','GET','127.0.0.1','{\"_pjax\":\"#pjax-container\"}','2018-03-27 19:18:00','2018-03-27 19:18:00'),(414,1,'admin/homework','GET','127.0.0.1','[]','2018-03-28 03:13:06','2018-03-28 03:13:06'),(415,1,'admin/qr','GET','127.0.0.1','{\"_pjax\":\"#pjax-container\"}','2018-03-28 03:13:16','2018-03-28 03:13:16'),(416,1,'admin/homework','GET','127.0.0.1','{\"_pjax\":\"#pjax-container\"}','2018-03-28 03:13:21','2018-03-28 03:13:21'),(417,1,'admin/auth/menu','GET','127.0.0.1','{\"_pjax\":\"#pjax-container\"}','2018-03-28 03:13:29','2018-03-28 03:13:29'),(418,1,'admin/auth/menu','POST','127.0.0.1','{\"parent_id\":\"0\",\"title\":\"\\u7b7e\\u5230\\u60c5\\u51b5\",\"icon\":\"fa-android\",\"uri\":\"statistic\",\"roles\":[\"1\",\"2\",null],\"_token\":\"EX0BcauHrcWU654S6fYOtAL2JPeI3TwrD8FEXKrV\"}','2018-03-28 03:14:43','2018-03-28 03:14:43'),(419,1,'admin/auth/menu','GET','127.0.0.1','[]','2018-03-28 03:14:43','2018-03-28 03:14:43'),(420,1,'admin/qr','GET','127.0.0.1','{\"_pjax\":\"#pjax-container\"}','2018-03-28 03:34:17','2018-03-28 03:34:17'),(421,1,'admin/auth/users','GET','127.0.0.1','{\"_pjax\":\"#pjax-container\"}','2018-03-28 03:52:43','2018-03-28 03:52:43'),(422,1,'admin/auth/roles','GET','127.0.0.1','{\"_pjax\":\"#pjax-container\"}','2018-03-28 04:11:11','2018-03-28 04:11:11'),(423,1,'admin/auth/users','GET','127.0.0.1','{\"_pjax\":\"#pjax-container\"}','2018-03-28 04:11:16','2018-03-28 04:11:16'),(424,1,'admin/auth/users/create','GET','127.0.0.1','{\"_pjax\":\"#pjax-container\"}','2018-03-28 04:11:19','2018-03-28 04:11:19'),(425,1,'admin/auth/users','POST','127.0.0.1','{\"username\":\"lj550566181@gmail.com\",\"name\":\"\\u6d4b\\u8bd5\\u8001\\u5e081\",\"password\":\"12345\",\"password_confirmation\":\"12345\",\"roles\":[\"2\",null],\"permissions\":[\"2\",\"3\",\"4\",\"5\",\"6\",null],\"_token\":\"EX0BcauHrcWU654S6fYOtAL2JPeI3TwrD8FEXKrV\",\"_previous_\":\"http:\\/\\/localhost:8001\\/admin\\/auth\\/users\"}','2018-03-28 04:13:19','2018-03-28 04:13:19'),(426,1,'admin/auth/users','GET','127.0.0.1','[]','2018-03-28 04:13:19','2018-03-28 04:13:19'),(427,1,'admin/auth/users/create','GET','127.0.0.1','{\"_pjax\":\"#pjax-container\"}','2018-03-28 04:13:31','2018-03-28 04:13:31'),(428,1,'admin/auth/users','POST','127.0.0.1','{\"username\":\"lj550566181@163.com\",\"name\":\"\\u6d4b\\u8bd5\\u8001\\u5e082\",\"password\":\"12345\",\"password_confirmation\":\"12345\",\"roles\":[\"2\",null],\"permissions\":[\"2\",\"3\",\"4\",\"5\",\"6\",null],\"_token\":\"EX0BcauHrcWU654S6fYOtAL2JPeI3TwrD8FEXKrV\",\"_previous_\":\"http:\\/\\/localhost:8001\\/admin\\/auth\\/users\"}','2018-03-28 04:14:06','2018-03-28 04:14:06'),(429,1,'admin/auth/users','GET','127.0.0.1','[]','2018-03-28 04:14:07','2018-03-28 04:14:07'),(430,1,'admin/homework','GET','127.0.0.1','{\"_pjax\":\"#pjax-container\"}','2018-03-28 04:14:41','2018-03-28 04:14:41'),(431,1,'admin','GET','127.0.0.1','[]','2018-03-29 05:50:57','2018-03-29 05:50:57'),(432,1,'admin/auth/menu','GET','127.0.0.1','{\"_pjax\":\"#pjax-container\"}','2018-03-29 06:30:00','2018-03-29 06:30:00'),(433,1,'admin/auth/menu','POST','127.0.0.1','{\"parent_id\":\"0\",\"title\":\"\\u540d\\u5355\\u5bfc\\u5165\",\"icon\":\"fa-diamond\",\"uri\":null,\"roles\":[\"1\",\"2\",null],\"_token\":\"KgobD4tFCk4d0dDM5mPwI5SuOdSlMqjEOiaQcKkv\"}','2018-03-29 06:31:42','2018-03-29 06:31:42'),(434,1,'admin/auth/menu','GET','127.0.0.1','[]','2018-03-29 06:31:42','2018-03-29 06:31:42'),(435,1,'admin/auth/menu/11/edit','GET','127.0.0.1','{\"_pjax\":\"#pjax-container\"}','2018-03-29 06:32:09','2018-03-29 06:32:09'),(436,1,'admin/auth/menu/11','PUT','127.0.0.1','{\"parent_id\":\"0\",\"title\":\"\\u540d\\u5355\\u5bfc\\u5165\",\"icon\":\"fa-diamond\",\"uri\":\"import\",\"roles\":[\"1\",\"2\",null],\"_token\":\"KgobD4tFCk4d0dDM5mPwI5SuOdSlMqjEOiaQcKkv\",\"_method\":\"PUT\",\"_previous_\":\"http:\\/\\/localhost:8000\\/admin\\/auth\\/menu\"}','2018-03-29 06:32:24','2018-03-29 06:32:24'),(437,1,'admin/auth/menu','GET','127.0.0.1','[]','2018-03-29 06:32:25','2018-03-29 06:32:25'),(438,1,'admin/auth/menu','POST','127.0.0.1','{\"parent_id\":\"0\",\"title\":\"\\u5b66\\u751f\\u7b7e\\u5230\",\"icon\":\"fa-wechat\",\"uri\":null,\"roles\":[\"1\",\"2\",null],\"_token\":\"KgobD4tFCk4d0dDM5mPwI5SuOdSlMqjEOiaQcKkv\"}','2018-03-29 06:33:11','2018-03-29 06:33:11'),(439,1,'admin/auth/menu','GET','127.0.0.1','[]','2018-03-29 06:33:11','2018-03-29 06:33:11'),(440,1,'admin/auth/menu/9/edit','GET','127.0.0.1','{\"_pjax\":\"#pjax-container\"}','2018-03-29 06:33:58','2018-03-29 06:33:58'),(441,1,'admin/auth/menu','GET','127.0.0.1','{\"_pjax\":\"#pjax-container\"}','2018-03-29 06:34:05','2018-03-29 06:34:05'),(442,1,'admin/auth/menu/10/edit','GET','127.0.0.1','{\"_pjax\":\"#pjax-container\"}','2018-03-29 06:34:24','2018-03-29 06:34:24'),(443,1,'admin/auth/menu/10','PUT','127.0.0.1','{\"parent_id\":\"12\",\"title\":\"\\u7b7e\\u5230\\u60c5\\u51b5\",\"icon\":\"fa-android\",\"uri\":\"statistic\",\"roles\":[\"1\",\"2\",null],\"_token\":\"KgobD4tFCk4d0dDM5mPwI5SuOdSlMqjEOiaQcKkv\",\"_method\":\"PUT\",\"_previous_\":\"http:\\/\\/localhost:8000\\/admin\\/auth\\/menu\"}','2018-03-29 06:34:32','2018-03-29 06:34:32'),(444,1,'admin/auth/menu','GET','127.0.0.1','[]','2018-03-29 06:34:32','2018-03-29 06:34:32'),(445,1,'admin/auth/menu/8/edit','GET','127.0.0.1','{\"_pjax\":\"#pjax-container\"}','2018-03-29 06:34:38','2018-03-29 06:34:38'),(446,1,'admin/auth/menu/8','PUT','127.0.0.1','{\"parent_id\":\"12\",\"title\":\"\\u7b7e\\u5230\\u7801\",\"icon\":\"fa-book\",\"uri\":\"\\/qr\",\"roles\":[\"1\",\"2\",null],\"_token\":\"KgobD4tFCk4d0dDM5mPwI5SuOdSlMqjEOiaQcKkv\",\"_method\":\"PUT\",\"_previous_\":\"http:\\/\\/localhost:8000\\/admin\\/auth\\/menu\"}','2018-03-29 06:34:48','2018-03-29 06:34:48'),(447,1,'admin/auth/menu','GET','127.0.0.1','[]','2018-03-29 06:34:48','2018-03-29 06:34:48'),(448,1,'admin/auth/menu','GET','127.0.0.1','[]','2018-03-29 06:35:02','2018-03-29 06:35:02'),(449,1,'admin/homework','GET','127.0.0.1','{\"_pjax\":\"#pjax-container\"}','2018-03-29 06:37:18','2018-03-29 06:37:18'),(450,1,'admin','GET','127.0.0.1','[]','2018-03-29 07:28:07','2018-03-29 07:28:07'),(451,1,'admin/import','GET','127.0.0.1','[]','2018-03-29 07:29:18','2018-03-29 07:29:18'),(452,1,'admin/import/complete','POST','127.0.0.1','{\"coursename\":\"\\u79bb\\u6563\\u6570\\u5b66\",\"teacherid\":\"1\",\"_token\":\"KgobD4tFCk4d0dDM5mPwI5SuOdSlMqjEOiaQcKkv\",\"_previous_\":\"http:\\/\\/localhost:8000\\/admin\\/\"}','2018-03-29 07:30:17','2018-03-29 07:30:17'),(453,1,'admin/import','GET','127.0.0.1','{\"_pjax\":\"#pjax-container\"}','2018-03-29 07:37:32','2018-03-29 07:37:32'),(454,1,'admin/import/complete','POST','127.0.0.1','{\"coursename\":\"\\u9ad8\\u7b49\\u6570\\u5b66\",\"teacherid\":\"1\",\"_token\":\"KgobD4tFCk4d0dDM5mPwI5SuOdSlMqjEOiaQcKkv\",\"_previous_\":\"http:\\/\\/localhost:8000\\/admin\\/import\\/complete\"}','2018-03-29 07:37:42','2018-03-29 07:37:42'),(455,1,'admin/import','GET','127.0.0.1','{\"_pjax\":\"#pjax-container\"}','2018-03-29 07:38:51','2018-03-29 07:38:51'),(456,1,'admin/import','GET','127.0.0.1','[]','2018-03-29 07:38:55','2018-03-29 07:38:55'),(457,1,'admin/import/complete','POST','127.0.0.1','{\"coursename\":\"\\u9ad8\\u7b49\\u6570\\u5b66\",\"teacherid\":\"1\",\"_token\":\"KgobD4tFCk4d0dDM5mPwI5SuOdSlMqjEOiaQcKkv\",\"_previous_\":\"http:\\/\\/localhost:8000\\/admin\\/\"}','2018-03-29 07:39:03','2018-03-29 07:39:03'),(458,1,'admin/import','GET','127.0.0.1','{\"_pjax\":\"#pjax-container\"}','2018-03-29 07:44:37','2018-03-29 07:44:37'),(459,1,'admin/import','GET','127.0.0.1','[]','2018-03-29 07:45:17','2018-03-29 07:45:17'),(460,1,'admin/import/complete','POST','127.0.0.1','{\"coursename\":\"\\u9ad8\\u7b49\\u6570\\u5b66\",\"teacherid\":\"1\",\"_token\":\"KgobD4tFCk4d0dDM5mPwI5SuOdSlMqjEOiaQcKkv\",\"_previous_\":\"http:\\/\\/localhost:8000\\/admin\\/\"}','2018-03-29 07:45:45','2018-03-29 07:45:45'),(461,1,'admin/import','GET','127.0.0.1','{\"_pjax\":\"#pjax-container\"}','2018-03-29 07:46:25','2018-03-29 07:46:25'),(462,1,'admin/import/complete','POST','127.0.0.1','{\"coursename\":\"\\u9ad8\\u7b49\\u6570\\u5b66\",\"teacherid\":\"1\",\"_token\":\"KgobD4tFCk4d0dDM5mPwI5SuOdSlMqjEOiaQcKkv\",\"_previous_\":\"http:\\/\\/localhost:8000\\/admin\\/import\\/complete\"}','2018-03-29 07:47:27','2018-03-29 07:47:27'),(463,1,'admin/import','GET','127.0.0.1','{\"_pjax\":\"#pjax-container\"}','2018-03-29 07:52:46','2018-03-29 07:52:46'),(464,1,'admin/import/complete','POST','127.0.0.1','{\"coursename\":\"\\u9ad8\\u7b49\\u6570\\u5b66\",\"teacherid\":\"1\",\"_token\":\"KgobD4tFCk4d0dDM5mPwI5SuOdSlMqjEOiaQcKkv\",\"_previous_\":\"http:\\/\\/localhost:8000\\/admin\\/import\\/complete\"}','2018-03-29 07:52:51','2018-03-29 07:52:51'),(465,1,'admin/import','GET','127.0.0.1','{\"_pjax\":\"#pjax-container\"}','2018-03-29 08:05:23','2018-03-29 08:05:23'),(466,1,'admin/import/complete','POST','127.0.0.1','{\"coursename\":\"\\u9ad8\\u7b49\\u6570\\u5b66\",\"teacherid\":\"1\",\"_token\":\"KgobD4tFCk4d0dDM5mPwI5SuOdSlMqjEOiaQcKkv\",\"_previous_\":\"http:\\/\\/localhost:8000\\/admin\\/import\\/complete\"}','2018-03-29 08:05:50','2018-03-29 08:05:50'),(467,1,'admin/import','GET','127.0.0.1','{\"_pjax\":\"#pjax-container\"}','2018-03-29 08:07:06','2018-03-29 08:07:06'),(468,1,'admin/import/complete','POST','127.0.0.1','{\"coursename\":\"\\u9ad8\\u7b49\\u6570\\u5b66\",\"teacherid\":\"1\",\"_token\":\"KgobD4tFCk4d0dDM5mPwI5SuOdSlMqjEOiaQcKkv\",\"_previous_\":\"http:\\/\\/localhost:8000\\/admin\\/import\\/complete\"}','2018-03-29 08:07:43','2018-03-29 08:07:43'),(469,1,'admin/import','GET','127.0.0.1','{\"_pjax\":\"#pjax-container\"}','2018-03-29 08:08:29','2018-03-29 08:08:29'),(470,1,'admin/import','GET','127.0.0.1','{\"_pjax\":\"#pjax-container\"}','2018-03-29 08:11:33','2018-03-29 08:11:33'),(471,1,'admin/import/complete','POST','127.0.0.1','{\"coursename\":\"\\u9ad8\\u7b49\\u6570\\u5b66\",\"teacherid\":\"1\",\"_token\":\"KgobD4tFCk4d0dDM5mPwI5SuOdSlMqjEOiaQcKkv\",\"_previous_\":\"http:\\/\\/localhost:8000\\/admin\"}','2018-03-29 08:11:40','2018-03-29 08:11:40'),(472,1,'admin/import','GET','127.0.0.1','{\"_pjax\":\"#pjax-container\"}','2018-03-29 08:21:17','2018-03-29 08:21:17'),(473,1,'admin/import/complete','POST','127.0.0.1','{\"coursename\":\"\\u9ad8\\u7b49\\u6570\\u5b66\",\"teacherid\":\"1\",\"_token\":\"KgobD4tFCk4d0dDM5mPwI5SuOdSlMqjEOiaQcKkv\",\"_previous_\":\"http:\\/\\/localhost:8000\\/admin\\/import\\/complete\"}','2018-03-29 08:21:25','2018-03-29 08:21:25'),(474,1,'admin/import','GET','127.0.0.1','[]','2018-03-29 08:24:45','2018-03-29 08:24:45'),(475,1,'admin/import/complete','POST','127.0.0.1','{\"coursename\":\"\\u9ad8\\u7b49\\u6570\\u5b66\",\"teacherid\":\"1\",\"_token\":\"KgobD4tFCk4d0dDM5mPwI5SuOdSlMqjEOiaQcKkv\",\"_previous_\":\"http:\\/\\/localhost:8000\\/admin\\/import\\/complete\"}','2018-03-29 08:24:53','2018-03-29 08:24:53'),(476,1,'admin/import','GET','127.0.0.1','{\"_pjax\":\"#pjax-container\"}','2018-03-29 08:26:57','2018-03-29 08:26:57'),(477,1,'admin/import/complete','POST','127.0.0.1','{\"coursename\":\"\\u9ad8\\u7b49\\u6570\\u5b66\",\"teacherid\":\"1\",\"_token\":\"KgobD4tFCk4d0dDM5mPwI5SuOdSlMqjEOiaQcKkv\",\"_previous_\":\"http:\\/\\/localhost:8000\\/admin\\/import\\/complete\"}','2018-03-29 08:27:03','2018-03-29 08:27:03'),(478,1,'admin/import','GET','127.0.0.1','{\"_pjax\":\"#pjax-container\"}','2018-03-29 08:37:13','2018-03-29 08:37:13'),(479,1,'admin/import/complete','POST','127.0.0.1','{\"coursename\":\"\\u9ad8\\u7b49\\u6570\\u5b66\",\"teacherid\":\"1\",\"_token\":\"KgobD4tFCk4d0dDM5mPwI5SuOdSlMqjEOiaQcKkv\",\"_previous_\":\"http:\\/\\/localhost:8000\\/admin\\/import\\/complete\"}','2018-03-29 08:37:20','2018-03-29 08:37:20'),(480,1,'admin/import','GET','127.0.0.1','{\"_pjax\":\"#pjax-container\"}','2018-03-29 08:39:22','2018-03-29 08:39:22'),(481,1,'admin/import/complete','POST','127.0.0.1','{\"coursename\":\"\\u9ad8\\u7b49\\u6570\\u5b66\",\"teacherid\":\"1\",\"_token\":\"KgobD4tFCk4d0dDM5mPwI5SuOdSlMqjEOiaQcKkv\",\"_previous_\":\"http:\\/\\/localhost:8000\\/admin\\/import\\/complete\"}','2018-03-29 08:39:29','2018-03-29 08:39:29'),(482,1,'admin/import','GET','127.0.0.1','[]','2018-03-29 08:39:29','2018-03-29 08:39:29'),(483,1,'admin/import','GET','127.0.0.1','[]','2018-03-29 08:41:02','2018-03-29 08:41:02'),(484,1,'admin/import/complete','POST','127.0.0.1','{\"coursename\":\"\\u9ad8\\u7b49\\u6570\\u5b66\",\"teacherid\":\"1\",\"_token\":\"KgobD4tFCk4d0dDM5mPwI5SuOdSlMqjEOiaQcKkv\",\"_previous_\":\"http:\\/\\/localhost:8000\\/admin\\/import\\/complete\"}','2018-03-29 08:41:11','2018-03-29 08:41:11'),(485,1,'admin/import','GET','127.0.0.1','[]','2018-03-29 08:41:12','2018-03-29 08:41:12'),(486,1,'admin/import','GET','127.0.0.1','[]','2018-03-29 08:43:43','2018-03-29 08:43:43'),(487,1,'admin/import/complete','POST','127.0.0.1','{\"coursename\":\"\\u9ad8\\u7b49\\u6570\\u5b66\",\"teacherid\":\"1\",\"_token\":\"KgobD4tFCk4d0dDM5mPwI5SuOdSlMqjEOiaQcKkv\",\"_previous_\":\"http:\\/\\/localhost:8000\\/admin\\/import\\/complete\"}','2018-03-29 08:43:50','2018-03-29 08:43:50'),(488,1,'admin/import','GET','127.0.0.1','[]','2018-03-29 08:43:51','2018-03-29 08:43:51'),(489,1,'admin/import','GET','127.0.0.1','[]','2018-03-29 08:44:21','2018-03-29 08:44:21'),(490,1,'admin/import/complete','POST','127.0.0.1','{\"coursename\":\"\\u9ad8\\u7b49\\u6570\\u5b66\",\"teacherid\":\"1\",\"_token\":\"KgobD4tFCk4d0dDM5mPwI5SuOdSlMqjEOiaQcKkv\",\"_previous_\":\"http:\\/\\/localhost:8000\\/admin\\/import\\/complete\"}','2018-03-29 08:44:28','2018-03-29 08:44:28'),(491,1,'admin/import','GET','127.0.0.1','[]','2018-03-29 08:44:29','2018-03-29 08:44:29'),(492,1,'admin/import','GET','127.0.0.1','[]','2018-03-29 08:44:59','2018-03-29 08:44:59'),(493,1,'admin/import/complete','POST','127.0.0.1','{\"coursename\":\"\\u9ad8\\u7b49\\u6570\\u5b66\",\"teacherid\":\"1\",\"_token\":\"KgobD4tFCk4d0dDM5mPwI5SuOdSlMqjEOiaQcKkv\",\"_previous_\":\"http:\\/\\/localhost:8000\\/admin\\/import\\/complete\"}','2018-03-29 08:45:05','2018-03-29 08:45:05'),(494,1,'admin/import','GET','127.0.0.1','[]','2018-03-29 08:45:06','2018-03-29 08:45:06'),(495,1,'admin/import','GET','127.0.0.1','[]','2018-03-29 08:46:23','2018-03-29 08:46:23'),(496,1,'admin/import/complete','POST','127.0.0.1','{\"coursename\":\"\\u9ad8\\u7b49\\u6570\\u5b66\",\"teacherid\":\"1\",\"_token\":\"KgobD4tFCk4d0dDM5mPwI5SuOdSlMqjEOiaQcKkv\",\"_previous_\":\"http:\\/\\/localhost:8000\\/admin\\/import\\/complete\"}','2018-03-29 08:46:30','2018-03-29 08:46:30'),(497,1,'admin/import','GET','127.0.0.1','[]','2018-03-29 08:46:31','2018-03-29 08:46:31'),(498,1,'admin/import','GET','127.0.0.1','[]','2018-03-29 08:47:20','2018-03-29 08:47:20'),(499,1,'admin/import/complete','POST','127.0.0.1','{\"coursename\":\"\\u9ad8\\u7b49\\u6570\\u5b66\",\"teacherid\":\"1\",\"_token\":\"KgobD4tFCk4d0dDM5mPwI5SuOdSlMqjEOiaQcKkv\",\"_previous_\":\"http:\\/\\/localhost:8000\\/admin\\/import\\/complete\"}','2018-03-29 08:47:27','2018-03-29 08:47:27'),(500,1,'admin/import','GET','127.0.0.1','{\"_pjax\":\"#pjax-container\"}','2018-03-29 08:55:28','2018-03-29 08:55:28'),(501,1,'admin/import/complete','POST','127.0.0.1','{\"coursename\":\"\\u9ad8\\u7b49\\u6570\\u5b66\",\"teacherid\":\"1\",\"_token\":\"KgobD4tFCk4d0dDM5mPwI5SuOdSlMqjEOiaQcKkv\",\"_previous_\":\"http:\\/\\/localhost:8000\\/admin\\/import\\/complete\"}','2018-03-29 08:55:34','2018-03-29 08:55:34'),(502,1,'admin/import','GET','127.0.0.1','[]','2018-03-29 08:55:35','2018-03-29 08:55:35'),(503,1,'admin/import','GET','127.0.0.1','[]','2018-03-29 08:56:12','2018-03-29 08:56:12'),(504,1,'admin/import/complete','POST','127.0.0.1','{\"coursename\":\"\\u9ad8\\u7b49\\u6570\\u5b66\",\"teacherid\":\"1\",\"_token\":\"KgobD4tFCk4d0dDM5mPwI5SuOdSlMqjEOiaQcKkv\",\"_previous_\":\"http:\\/\\/localhost:8000\\/admin\\/import\\/complete\"}','2018-03-29 08:56:18','2018-03-29 08:56:18'),(505,1,'admin/import','GET','127.0.0.1','[]','2018-03-29 08:56:19','2018-03-29 08:56:19'),(506,1,'admin/import','GET','127.0.0.1','[]','2018-03-29 08:56:27','2018-03-29 08:56:27'),(507,1,'admin/import/complete','POST','127.0.0.1','{\"coursename\":\"\\u9ad8\\u7b49\\u6570\\u5b66\",\"teacherid\":\"1\",\"_token\":\"KgobD4tFCk4d0dDM5mPwI5SuOdSlMqjEOiaQcKkv\",\"_previous_\":\"http:\\/\\/localhost:8000\\/admin\\/import\\/complete\"}','2018-03-29 08:56:33','2018-03-29 08:56:33'),(508,1,'admin/import','GET','127.0.0.1','{\"_pjax\":\"#pjax-container\"}','2018-03-29 09:00:35','2018-03-29 09:00:35'),(509,1,'admin/import','GET','127.0.0.1','[]','2018-03-29 09:00:57','2018-03-29 09:00:57'),(510,1,'admin/import','GET','127.0.0.1','[]','2018-03-29 09:02:08','2018-03-29 09:02:08'),(511,1,'admin/import','GET','127.0.0.1','[]','2018-03-29 09:02:23','2018-03-29 09:02:23'),(512,1,'admin/import/complete','POST','127.0.0.1','{\"coursename\":\"\\u9ad8\\u7b49\\u6570\\u5b66\",\"row\":\"4\",\"teacherid\":\"1\",\"_token\":\"KgobD4tFCk4d0dDM5mPwI5SuOdSlMqjEOiaQcKkv\",\"_previous_\":\"http:\\/\\/localhost:8000\\/admin\\/import\\/complete\"}','2018-03-29 09:02:35','2018-03-29 09:02:35'),(513,1,'admin/import','GET','127.0.0.1','{\"_pjax\":\"#pjax-container\"}','2018-03-29 09:07:54','2018-03-29 09:07:54'),(514,1,'admin/import/complete','POST','127.0.0.1','{\"coursename\":\"\\u9ad8\\u7b49\\u6570\\u5b66\",\"row\":\"4\",\"teacherid\":\"1\",\"_token\":\"KgobD4tFCk4d0dDM5mPwI5SuOdSlMqjEOiaQcKkv\",\"_previous_\":\"http:\\/\\/localhost:8000\\/admin\\/import\\/complete\"}','2018-03-29 09:08:04','2018-03-29 09:08:04'),(515,1,'admin/import','GET','127.0.0.1','[]','2018-03-29 09:08:05','2018-03-29 09:08:05'),(516,1,'admin/import','GET','127.0.0.1','[]','2018-03-29 09:09:03','2018-03-29 09:09:03'),(517,1,'admin/import/complete','POST','127.0.0.1','{\"coursename\":\"\\u9ad8\\u7b49\\u6570\\u5b66\",\"row\":\"4\",\"teacherid\":\"1\",\"_token\":\"KgobD4tFCk4d0dDM5mPwI5SuOdSlMqjEOiaQcKkv\",\"_previous_\":\"http:\\/\\/localhost:8000\\/admin\\/import\\/complete\"}','2018-03-29 09:09:12','2018-03-29 09:09:12'),(518,1,'admin/import','GET','127.0.0.1','[]','2018-03-29 09:09:12','2018-03-29 09:09:12'),(519,1,'admin/import','GET','127.0.0.1','[]','2018-03-29 09:09:33','2018-03-29 09:09:33'),(520,1,'admin/import/complete','POST','127.0.0.1','{\"coursename\":\"\\u9ad8\\u7b49\\u6570\\u5b66\",\"row\":\"4\",\"teacherid\":\"1\",\"_token\":\"KgobD4tFCk4d0dDM5mPwI5SuOdSlMqjEOiaQcKkv\",\"_previous_\":\"http:\\/\\/localhost:8000\\/admin\\/import\\/complete\"}','2018-03-29 09:09:42','2018-03-29 09:09:42'),(521,1,'admin/qr','GET','127.0.0.1','[]','2018-03-29 09:14:16','2018-03-29 09:14:16'),(522,1,'admin/qr','GET','127.0.0.1','{\"_pjax\":\"#pjax-container\"}','2018-03-29 09:14:20','2018-03-29 09:14:20'),(523,1,'admin/qr','GET','127.0.0.1','[]','2018-03-29 09:17:00','2018-03-29 09:17:00'),(524,1,'admin/qr','GET','127.0.0.1','[]','2018-03-29 09:17:21','2018-03-29 09:17:21'),(525,1,'admin/qr','GET','127.0.0.1','[]','2018-03-29 18:24:38','2018-03-29 18:24:38'),(526,1,'admin/qr','GET','127.0.0.1','[]','2018-03-29 18:29:17','2018-03-29 18:29:17'),(527,1,'admin/qr/complete','POST','127.0.0.1','{\"coursename\":\"\\u9ad8\\u7b49\\u6570\\u5b66\",\"teacherid\":\"1\",\"_token\":\"q1YP4NGyHxGSmWolkDi8iAUWFseUGgKvy6vMuTle\",\"_previous_\":\"http:\\/\\/localhost:8000\\/admin\\/auth\\/login\"}','2018-03-29 18:29:25','2018-03-29 18:29:25'),(528,1,'admin/qr','GET','127.0.0.1','[]','2018-03-29 18:29:25','2018-03-29 18:29:25'),(529,1,'admin/qr','GET','127.0.0.1','{\"_pjax\":\"#pjax-container\"}','2018-03-29 18:30:00','2018-03-29 18:30:00'),(530,1,'admin/import/complete','POST','127.0.0.1','{\"coursename\":\"\\u9ad8\\u7b49\\u6570\\u5b66\",\"teacherid\":\"1\",\"_token\":\"q1YP4NGyHxGSmWolkDi8iAUWFseUGgKvy6vMuTle\"}','2018-03-29 18:30:05','2018-03-29 18:30:05'),(531,1,'admin/qr','GET','127.0.0.1','[]','2018-03-29 18:30:06','2018-03-29 18:30:06'),(532,1,'admin/qr','GET','127.0.0.1','{\"_pjax\":\"#pjax-container\"}','2018-03-29 18:35:16','2018-03-29 18:35:16'),(533,1,'admin/import/complete','POST','127.0.0.1','{\"coursename\":\"\\u9ad8\\u7b49\\u6570\\u5b66\",\"teacherid\":\"1\",\"_token\":\"q1YP4NGyHxGSmWolkDi8iAUWFseUGgKvy6vMuTle\"}','2018-03-29 18:35:20','2018-03-29 18:35:20'),(534,1,'admin/qr','GET','127.0.0.1','[]','2018-03-29 18:35:20','2018-03-29 18:35:20'),(535,1,'admin/qr','GET','127.0.0.1','{\"_pjax\":\"#pjax-container\"}','2018-03-29 18:38:24','2018-03-29 18:38:24'),(536,1,'admin/qr/complete','POST','127.0.0.1','{\"coursename\":\"\\u9ad8\\u7b49\\u6570\\u5b66\",\"teacherid\":\"1\",\"_token\":\"q1YP4NGyHxGSmWolkDi8iAUWFseUGgKvy6vMuTle\"}','2018-03-29 18:38:27','2018-03-29 18:38:27'),(537,1,'admin','GET','127.0.0.1','[]','2018-03-30 00:17:54','2018-03-30 00:17:54'),(538,1,'admin/homework','GET','127.0.0.1','{\"_pjax\":\"#pjax-container\"}','2018-03-30 00:17:59','2018-03-30 00:17:59'),(539,1,'admin/import','GET','127.0.0.1','{\"_pjax\":\"#pjax-container\"}','2018-03-30 00:18:03','2018-03-30 00:18:03'),(540,1,'admin','GET','127.0.0.1','[]','2018-03-30 00:19:00','2018-03-30 00:19:00'),(541,1,'admin/auth/users','GET','127.0.0.1','{\"_pjax\":\"#pjax-container\"}','2018-03-30 00:19:06','2018-03-30 00:19:06'),(542,1,'admin/auth/roles','GET','127.0.0.1','{\"_pjax\":\"#pjax-container\"}','2018-03-30 00:19:11','2018-03-30 00:19:11'),(543,1,'admin/auth/permissions','GET','127.0.0.1','{\"_pjax\":\"#pjax-container\"}','2018-03-30 00:19:15','2018-03-30 00:19:15'),(544,1,'admin/homework','GET','127.0.0.1','{\"_pjax\":\"#pjax-container\"}','2018-03-30 00:19:17','2018-03-30 00:19:17'),(545,1,'admin/homework/complete','POST','127.0.0.1','{\"coursename\":\"\\u79bb\\u6563\\u6570\\u5b66\",\"departid\":[\"1\",\"2\",null],\"content\":\"<p>\\u8fd9\\u662f\\u79bb\\u6563\\u6570\\u5b66\\u7684\\u4f5c\\u4e1a\\u3002\\u3002\\u3002<\\/p>\",\"subtime\":\"\\u4e0b\\u5468\\u4e09\",\"teacherid\":\"1\",\"_token\":\"f1A5wYWCtwKM9MBY56POAQTM2PhxP8J9w5SdDdEl\",\"_previous_\":\"http:\\/\\/localhost:8001\\/admin\\/auth\\/permissions\"}','2018-03-30 00:19:49','2018-03-30 00:19:49'),(546,1,'admin/import','GET','127.0.0.1','{\"_pjax\":\"#pjax-container\"}','2018-03-30 00:19:52','2018-03-30 00:19:52'),(547,1,'admin/import/complete','POST','127.0.0.1','{\"coursename\":\"\\u79bb\\u6563\\u6570\\u5b66\",\"row\":\"4\",\"teacherid\":\"1\",\"_token\":\"f1A5wYWCtwKM9MBY56POAQTM2PhxP8J9w5SdDdEl\",\"_previous_\":\"http:\\/\\/localhost:8001\\/admin\\/homework\\/complete\"}','2018-03-30 00:20:16','2018-03-30 00:20:16'),(548,1,'admin/qr','GET','127.0.0.1','{\"_pjax\":\"#pjax-container\"}','2018-03-30 00:20:21','2018-03-30 00:20:21'),(549,1,'admin/qr/complete','POST','127.0.0.1','{\"coursename\":\"\\u79bb\\u6563\\u6570\\u5b66\",\"teacherid\":\"1\",\"date\":\"2018-03-30\",\"_token\":\"f1A5wYWCtwKM9MBY56POAQTM2PhxP8J9w5SdDdEl\",\"_previous_\":\"http:\\/\\/localhost:8001\\/admin\\/import\\/complete\"}','2018-03-30 00:20:27','2018-03-30 00:20:27'),(550,1,'admin','GET','127.0.0.1','[]','2018-04-01 23:17:51','2018-04-01 23:17:51'),(551,1,'admin/qr','GET','127.0.0.1','{\"_pjax\":\"#pjax-container\"}','2018-04-01 23:17:54','2018-04-01 23:17:54'),(552,1,'admin/qr/complete','POST','127.0.0.1','{\"coursename\":\"\\u9ad8\\u7b49\\u6570\\u5b66\",\"teacherid\":\"1\",\"date\":\"2018-04-02\",\"_token\":\"0ihpBgcjKMB2s598AgrIdzPjVyW4QLO6cX5YhX9m\",\"_previous_\":\"http:\\/\\/localhost:8000\\/admin\"}','2018-04-01 23:18:01','2018-04-01 23:18:01'),(553,1,'admin/qr','GET','127.0.0.1','{\"_pjax\":\"#pjax-container\"}','2018-04-01 23:21:03','2018-04-01 23:21:03'),(554,1,'admin/qr/complete','POST','127.0.0.1','{\"coursename\":\"\\u9ad8\\u7b49\\u6570\\u5b66\",\"teacherid\":\"1\",\"date\":\"2018-04-02\",\"_token\":\"0ihpBgcjKMB2s598AgrIdzPjVyW4QLO6cX5YhX9m\",\"_previous_\":\"http:\\/\\/localhost:8000\\/admin\\/qr\\/complete\"}','2018-04-01 23:21:06','2018-04-01 23:21:06'),(555,1,'admin','GET','127.0.0.1','[]','2018-04-01 23:24:25','2018-04-01 23:24:25'),(556,1,'admin/qr','GET','127.0.0.1','{\"_pjax\":\"#pjax-container\"}','2018-04-01 23:24:28','2018-04-01 23:24:28'),(557,1,'admin/qr/complete','POST','127.0.0.1','{\"coursename\":\"\\u9ad8\\u7b49\\u6570\\u5b66\",\"teacherid\":\"1\",\"date\":\"2018-04-02\",\"_token\":\"0ihpBgcjKMB2s598AgrIdzPjVyW4QLO6cX5YhX9m\",\"_previous_\":\"http:\\/\\/localhost:8000\\/admin\"}','2018-04-01 23:24:30','2018-04-01 23:24:30'),(558,1,'admin/qr','GET','127.0.0.1','{\"_pjax\":\"#pjax-container\"}','2018-04-01 23:29:51','2018-04-01 23:29:51'),(559,1,'admin/qr/complete','POST','127.0.0.1','{\"coursename\":\"\\u9ad8\\u7b49\\u6570\\u5b66\",\"teacherid\":\"1\",\"date\":\"2018-04-02\",\"_token\":\"0ihpBgcjKMB2s598AgrIdzPjVyW4QLO6cX5YhX9m\",\"_previous_\":\"http:\\/\\/localhost:8000\\/admin\\/qr\\/complete\"}','2018-04-01 23:29:53','2018-04-01 23:29:53'),(560,1,'admin','GET','127.0.0.1','[]','2018-04-02 08:35:58','2018-04-02 08:35:58'),(561,1,'admin/qr','GET','127.0.0.1','{\"_pjax\":\"#pjax-container\"}','2018-04-02 08:36:01','2018-04-02 08:36:01'),(562,1,'admin/qr/complete','POST','127.0.0.1','{\"coursename\":\"\\u9ad8\\u7b49\\u6570\\u5b66\",\"teacherid\":\"1\",\"date\":\"2018-04-02\",\"_token\":\"0ihpBgcjKMB2s598AgrIdzPjVyW4QLO6cX5YhX9m\",\"_previous_\":\"http:\\/\\/localhost:8001\\/admin\"}','2018-04-02 08:36:05','2018-04-02 08:36:05'),(563,1,'admin/qr','GET','127.0.0.1','{\"_pjax\":\"#pjax-container\"}','2018-04-02 08:39:48','2018-04-02 08:39:48'),(564,1,'admin/qr/complete','POST','127.0.0.1','{\"coursename\":\"\\u9ad8\\u7b49\\u6570\\u5b66\",\"teacherid\":\"1\",\"date\":\"2018-04-02\",\"_token\":\"0ihpBgcjKMB2s598AgrIdzPjVyW4QLO6cX5YhX9m\",\"_previous_\":\"http:\\/\\/localhost:8001\\/admin\\/qr\\/complete\"}','2018-04-02 08:39:51','2018-04-02 08:39:51'),(565,1,'admin/statistic','GET','127.0.0.1','[]','2018-04-02 10:19:09','2018-04-02 10:19:09'),(566,1,'admin/statistic','GET','127.0.0.1','[]','2018-04-02 10:19:39','2018-04-02 10:19:39'),(567,1,'admin/qr','GET','127.0.0.1','{\"_pjax\":\"#pjax-container\"}','2018-04-02 11:33:58','2018-04-02 11:33:58'),(568,1,'admin/qr/complete','POST','127.0.0.1','{\"coursename\":\"\\u9ad8\\u7b49\\u6570\\u5b66\",\"teacherid\":\"1\",\"date\":\"2018-04-02\",\"_token\":\"0ihpBgcjKMB2s598AgrIdzPjVyW4QLO6cX5YhX9m\",\"_previous_\":\"http:\\/\\/localhost:8001\\/admin\\/statistic\"}','2018-04-02 11:34:00','2018-04-02 11:34:00'),(569,1,'admin/qr','GET','127.0.0.1','[]','2018-04-02 11:34:01','2018-04-02 11:34:01'),(570,1,'admin/qr','GET','127.0.0.1','{\"_pjax\":\"#pjax-container\"}','2018-04-02 11:34:21','2018-04-02 11:34:21'),(571,1,'admin/qr/complete','POST','127.0.0.1','{\"coursename\":\"\\u9ad8\\u7b49\\u6570\\u5b66\",\"teacherid\":\"1\",\"date\":\"2018-04-02\",\"_token\":\"0ihpBgcjKMB2s598AgrIdzPjVyW4QLO6cX5YhX9m\"}','2018-04-02 11:34:23','2018-04-02 11:34:23'),(572,1,'admin/statistic','GET','127.0.0.1','{\"_pjax\":\"#pjax-container\"}','2018-04-02 11:36:09','2018-04-02 11:36:09'),(573,1,'admin/qr','GET','127.0.0.1','{\"_pjax\":\"#pjax-container\"}','2018-04-02 11:38:33','2018-04-02 11:38:33'),(574,1,'admin/qr/complete','POST','127.0.0.1','{\"coursename\":\"\\u9ad8\\u7b49\\u6570\\u5b66\",\"teacherid\":\"1\",\"date\":\"2018-04-02\",\"_token\":\"0ihpBgcjKMB2s598AgrIdzPjVyW4QLO6cX5YhX9m\",\"_previous_\":\"http:\\/\\/localhost:8001\\/admin\\/statistic\"}','2018-04-02 11:38:37','2018-04-02 11:38:37'),(575,1,'admin/statistic','GET','127.0.0.1','{\"_pjax\":\"#pjax-container\"}','2018-04-02 11:47:10','2018-04-02 11:47:10'),(576,1,'admin/statistic','GET','127.0.0.1','{\"_pjax\":\"#pjax-container\",\"page\":\"2\"}','2018-04-02 11:47:19','2018-04-02 11:47:19'),(577,1,'admin/statistic','GET','127.0.0.1','{\"_pjax\":\"#pjax-container\",\"page\":\"4\"}','2018-04-02 11:47:21','2018-04-02 11:47:21'),(578,1,'admin/statistic','GET','127.0.0.1','{\"_pjax\":\"#pjax-container\",\"page\":\"1\"}','2018-04-02 11:47:24','2018-04-02 11:47:24'),(579,1,'admin/statistic','GET','127.0.0.1','{\"_pjax\":\"#pjax-container\",\"page\":\"1\",\"per_page\":\"100\"}','2018-04-02 11:48:11','2018-04-02 11:48:11'),(580,1,'admin/statistic','GET','127.0.0.1','{\"_pjax\":\"#pjax-container\",\"page\":\"1\",\"per_page\":\"20\"}','2018-04-02 11:48:17','2018-04-02 11:48:17'),(581,1,'admin/statistic','GET','127.0.0.1','{\"_pjax\":\"#pjax-container\",\"per_page\":\"20\",\"page\":\"2\"}','2018-04-02 11:48:54','2018-04-02 11:48:54'),(582,1,'admin/statistic','GET','127.0.0.1','{\"_pjax\":\"#pjax-container\",\"per_page\":\"20\",\"page\":\"3\"}','2018-04-02 11:48:56','2018-04-02 11:48:56'),(583,1,'admin/statistic','GET','127.0.0.1','{\"_pjax\":\"#pjax-container\",\"per_page\":\"20\",\"page\":\"4\"}','2018-04-02 11:48:57','2018-04-02 11:48:57'),(584,1,'admin/statistic','GET','127.0.0.1','{\"_pjax\":\"#pjax-container\",\"per_page\":\"20\",\"page\":\"1\"}','2018-04-02 11:49:02','2018-04-02 11:49:02'),(585,1,'admin/statistic','GET','127.0.0.1','{\"per_page\":\"20\",\"page\":\"1\"}','2018-04-02 11:50:56','2018-04-02 11:50:56'),(586,1,'admin/statistic','GET','127.0.0.1','{\"per_page\":\"20\",\"page\":\"1\"}','2018-04-02 11:51:35','2018-04-02 11:51:35'),(587,1,'admin/statistic','GET','127.0.0.1','{\"per_page\":\"20\",\"page\":\"2\",\"_pjax\":\"#pjax-container\"}','2018-04-02 11:52:54','2018-04-02 11:52:54'),(588,1,'admin/statistic','GET','127.0.0.1','{\"per_page\":\"20\",\"_pjax\":\"#pjax-container\",\"page\":\"3\"}','2018-04-02 11:53:18','2018-04-02 11:53:18'),(589,1,'admin/statistic','GET','127.0.0.1','{\"per_page\":\"20\",\"page\":\"3\"}','2018-04-02 13:41:43','2018-04-02 13:41:43'),(590,1,'admin/statistic','GET','127.0.0.1','{\"per_page\":\"20\",\"page\":\"3\",\"_export_\":\"all\"}','2018-04-02 13:46:36','2018-04-02 13:46:36'),(591,1,'admin/statistic','GET','127.0.0.1','{\"per_page\":\"20\",\"page\":\"1\",\"_pjax\":\"#pjax-container\"}','2018-04-02 13:47:21','2018-04-02 13:47:21'),(592,1,'admin/import','GET','127.0.0.1','{\"_pjax\":\"#pjax-container\"}','2018-04-02 13:49:12','2018-04-02 13:49:12'),(593,1,'admin/homework','GET','127.0.0.1','{\"_pjax\":\"#pjax-container\"}','2018-04-02 13:49:13','2018-04-02 13:49:13');
/*!40000 ALTER TABLE `admin_operation_log` ENABLE KEYS */;
UNLOCK TABLES;

--
-- Table structure for table `admin_permissions`
--

DROP TABLE IF EXISTS `admin_permissions`;
/*!40101 SET @saved_cs_client     = @@character_set_client */;
/*!40101 SET character_set_client = utf8 */;
CREATE TABLE `admin_permissions` (
  `id` int(10) unsigned NOT NULL AUTO_INCREMENT,
  `name` varchar(50) COLLATE utf8mb4_unicode_ci NOT NULL,
  `slug` varchar(50) COLLATE utf8mb4_unicode_ci NOT NULL,
  `http_method` varchar(255) COLLATE utf8mb4_unicode_ci DEFAULT NULL,
  `http_path` text COLLATE utf8mb4_unicode_ci,
  `created_at` timestamp NULL DEFAULT NULL,
  `updated_at` timestamp NULL DEFAULT NULL,
  PRIMARY KEY (`id`),
  UNIQUE KEY `admin_permissions_name_unique` (`name`)
) ENGINE=InnoDB AUTO_INCREMENT=7 DEFAULT CHARSET=utf8mb4 COLLATE=utf8mb4_unicode_ci;
/*!40101 SET character_set_client = @saved_cs_client */;

--
-- Dumping data for table `admin_permissions`
--

LOCK TABLES `admin_permissions` WRITE;
/*!40000 ALTER TABLE `admin_permissions` DISABLE KEYS */;
INSERT INTO `admin_permissions` VALUES (1,'All permission','*','','*',NULL,NULL),(2,'Dashboard','dashboard','GET','/',NULL,NULL),(3,'Login','auth.login','','/auth/login\r\n/auth/logout',NULL,NULL),(4,'User setting','auth.setting','GET,PUT','/auth/setting',NULL,NULL),(5,'Auth management','auth.management','','/auth/roles\r\n/auth/permissions\r\n/auth/menu\r\n/auth/logs',NULL,NULL),(6,'QrCode','QrCode','GET','/qr','2018-02-26 07:14:43','2018-02-26 07:14:43');
/*!40000 ALTER TABLE `admin_permissions` ENABLE KEYS */;
UNLOCK TABLES;

--
-- Table structure for table `admin_role_menu`
--

DROP TABLE IF EXISTS `admin_role_menu`;
/*!40101 SET @saved_cs_client     = @@character_set_client */;
/*!40101 SET character_set_client = utf8 */;
CREATE TABLE `admin_role_menu` (
  `role_id` int(11) NOT NULL,
  `menu_id` int(11) NOT NULL,
  `created_at` timestamp NULL DEFAULT NULL,
  `updated_at` timestamp NULL DEFAULT NULL,
  KEY `admin_role_menu_role_id_menu_id_index` (`role_id`,`menu_id`)
) ENGINE=InnoDB DEFAULT CHARSET=utf8mb4 COLLATE=utf8mb4_unicode_ci;
/*!40101 SET character_set_client = @saved_cs_client */;

--
-- Dumping data for table `admin_role_menu`
--

LOCK TABLES `admin_role_menu` WRITE;
/*!40000 ALTER TABLE `admin_role_menu` DISABLE KEYS */;
INSERT INTO `admin_role_menu` VALUES (1,2,NULL,NULL),(2,8,NULL,NULL),(1,8,NULL,NULL),(1,9,NULL,NULL),(2,9,NULL,NULL),(1,10,NULL,NULL),(2,10,NULL,NULL),(1,11,NULL,NULL),(2,11,NULL,NULL),(1,12,NULL,NULL),(2,12,NULL,NULL);
/*!40000 ALTER TABLE `admin_role_menu` ENABLE KEYS */;
UNLOCK TABLES;

--
-- Table structure for table `admin_role_permissions`
--

DROP TABLE IF EXISTS `admin_role_permissions`;
/*!40101 SET @saved_cs_client     = @@character_set_client */;
/*!40101 SET character_set_client = utf8 */;
CREATE TABLE `admin_role_permissions` (
  `role_id` int(11) NOT NULL,
  `permission_id` int(11) NOT NULL,
  `created_at` timestamp NULL DEFAULT NULL,
  `updated_at` timestamp NULL DEFAULT NULL,
  KEY `admin_role_permissions_role_id_permission_id_index` (`role_id`,`permission_id`)
) ENGINE=InnoDB DEFAULT CHARSET=utf8mb4 COLLATE=utf8mb4_unicode_ci;
/*!40101 SET character_set_client = @saved_cs_client */;

--
-- Dumping data for table `admin_role_permissions`
--

LOCK TABLES `admin_role_permissions` WRITE;
/*!40000 ALTER TABLE `admin_role_permissions` DISABLE KEYS */;
INSERT INTO `admin_role_permissions` VALUES (1,1,NULL,NULL),(2,2,NULL,NULL),(2,4,NULL,NULL),(2,6,NULL,NULL),(2,3,NULL,NULL);
/*!40000 ALTER TABLE `admin_role_permissions` ENABLE KEYS */;
UNLOCK TABLES;

--
-- Table structure for table `admin_role_users`
--

DROP TABLE IF EXISTS `admin_role_users`;
/*!40101 SET @saved_cs_client     = @@character_set_client */;
/*!40101 SET character_set_client = utf8 */;
CREATE TABLE `admin_role_users` (
  `role_id` int(11) NOT NULL,
  `user_id` int(11) NOT NULL,
  `created_at` timestamp NULL DEFAULT NULL,
  `updated_at` timestamp NULL DEFAULT NULL,
  KEY `admin_role_users_role_id_user_id_index` (`role_id`,`user_id`)
) ENGINE=InnoDB DEFAULT CHARSET=utf8mb4 COLLATE=utf8mb4_unicode_ci;
/*!40101 SET character_set_client = @saved_cs_client */;

--
-- Dumping data for table `admin_role_users`
--

LOCK TABLES `admin_role_users` WRITE;
/*!40000 ALTER TABLE `admin_role_users` DISABLE KEYS */;
INSERT INTO `admin_role_users` VALUES (1,1,NULL,NULL),(2,2,NULL,NULL),(2,3,NULL,NULL),(2,4,NULL,NULL);
/*!40000 ALTER TABLE `admin_role_users` ENABLE KEYS */;
UNLOCK TABLES;

--
-- Table structure for table `admin_roles`
--

DROP TABLE IF EXISTS `admin_roles`;
/*!40101 SET @saved_cs_client     = @@character_set_client */;
/*!40101 SET character_set_client = utf8 */;
CREATE TABLE `admin_roles` (
  `id` int(10) unsigned NOT NULL AUTO_INCREMENT,
  `name` varchar(50) COLLATE utf8mb4_unicode_ci NOT NULL,
  `slug` varchar(50) COLLATE utf8mb4_unicode_ci NOT NULL,
  `created_at` timestamp NULL DEFAULT NULL,
  `updated_at` timestamp NULL DEFAULT NULL,
  PRIMARY KEY (`id`),
  UNIQUE KEY `admin_roles_name_unique` (`name`)
) ENGINE=InnoDB AUTO_INCREMENT=3 DEFAULT CHARSET=utf8mb4 COLLATE=utf8mb4_unicode_ci;
/*!40101 SET character_set_client = @saved_cs_client */;

--
-- Dumping data for table `admin_roles`
--

LOCK TABLES `admin_roles` WRITE;
/*!40000 ALTER TABLE `admin_roles` DISABLE KEYS */;
INSERT INTO `admin_roles` VALUES (1,'Administrator','administrator','2018-02-21 00:56:50','2018-02-21 00:56:50'),(2,'Teacher','Teacher','2018-02-25 19:29:56','2018-02-25 19:29:56');
/*!40000 ALTER TABLE `admin_roles` ENABLE KEYS */;
UNLOCK TABLES;

--
-- Table structure for table `admin_user_permissions`
--

DROP TABLE IF EXISTS `admin_user_permissions`;
/*!40101 SET @saved_cs_client     = @@character_set_client */;
/*!40101 SET character_set_client = utf8 */;
CREATE TABLE `admin_user_permissions` (
  `user_id` int(11) NOT NULL,
  `permission_id` int(11) NOT NULL,
  `created_at` timestamp NULL DEFAULT NULL,
  `updated_at` timestamp NULL DEFAULT NULL,
  KEY `admin_user_permissions_user_id_permission_id_index` (`user_id`,`permission_id`)
) ENGINE=InnoDB DEFAULT CHARSET=utf8mb4 COLLATE=utf8mb4_unicode_ci;
/*!40101 SET character_set_client = @saved_cs_client */;

--
-- Dumping data for table `admin_user_permissions`
--

LOCK TABLES `admin_user_permissions` WRITE;
/*!40000 ALTER TABLE `admin_user_permissions` DISABLE KEYS */;
INSERT INTO `admin_user_permissions` VALUES (3,2,NULL,NULL),(3,3,NULL,NULL),(3,4,NULL,NULL),(3,5,NULL,NULL),(3,6,NULL,NULL),(4,2,NULL,NULL),(4,3,NULL,NULL),(4,4,NULL,NULL),(4,5,NULL,NULL),(4,6,NULL,NULL);
/*!40000 ALTER TABLE `admin_user_permissions` ENABLE KEYS */;
UNLOCK TABLES;

--
-- Table structure for table `admin_users`
--

DROP TABLE IF EXISTS `admin_users`;
/*!40101 SET @saved_cs_client     = @@character_set_client */;
/*!40101 SET character_set_client = utf8 */;
CREATE TABLE `admin_users` (
  `id` int(10) unsigned NOT NULL AUTO_INCREMENT,
  `username` varchar(190) COLLATE utf8mb4_unicode_ci NOT NULL,
  `password` varchar(60) COLLATE utf8mb4_unicode_ci NOT NULL,
  `name` varchar(255) COLLATE utf8mb4_unicode_ci NOT NULL,
  `avatar` varchar(255) COLLATE utf8mb4_unicode_ci DEFAULT NULL,
  `remember_token` varchar(100) COLLATE utf8mb4_unicode_ci DEFAULT NULL,
  `created_at` timestamp NULL DEFAULT NULL,
  `updated_at` timestamp NULL DEFAULT NULL,
  PRIMARY KEY (`id`),
  UNIQUE KEY `admin_users_username_unique` (`username`)
) ENGINE=InnoDB AUTO_INCREMENT=5 DEFAULT CHARSET=utf8mb4 COLLATE=utf8mb4_unicode_ci;
/*!40101 SET character_set_client = @saved_cs_client */;

--
-- Dumping data for table `admin_users`
--

LOCK TABLES `admin_users` WRITE;
/*!40000 ALTER TABLE `admin_users` DISABLE KEYS */;
INSERT INTO `admin_users` VALUES (1,'admin','$2y$10$4m6Q0n6mRUwqXLVGf2akFOE7uvpRK17Crn10qF75dc7CCZXnj8j3i','Administrator',NULL,'Ktjou6Vol8NQHDQGFFtVDTD4QObeY2PaUBn1RrXKX06hrwZ0U5jDp8yE73p7','2018-02-21 00:56:50','2018-02-21 00:56:50'),(2,'550566181@qq.com','$2y$10$d5JREFo//rP0HmCOiib06.YK/lZU8zGSK10250k1n8q6wD2RTItki','赖杰',NULL,'hpnrGG6BpzoKjygPKuU5kftExl5swAtnYtnhkH3FnAvjcKHldLeGdNKlokUN','2018-02-26 00:45:02','2018-02-26 00:45:02'),(3,'lj550566181@gmail.com','$2y$10$bIzoF1FgCkrPwb/H.g1T7OZi0oNNlXyLeL1ZZ5/o2nzLdeIMLCIim','测试老师1',NULL,NULL,'2018-03-28 04:13:19','2018-03-28 04:13:19'),(4,'lj550566181@163.com','$2y$10$5dYymB/39auNOr1L3E2c5emKWBh1JEYQ4QpuJdwBVMfhLkGfLJm1S','测试老师2',NULL,NULL,'2018-03-28 04:14:07','2018-03-28 04:14:07');
/*!40000 ALTER TABLE `admin_users` ENABLE KEYS */;
UNLOCK TABLES;

--
-- Table structure for table `departs`
--

DROP TABLE IF EXISTS `departs`;
/*!40101 SET @saved_cs_client     = @@character_set_client */;
/*!40101 SET character_set_client = utf8 */;
CREATE TABLE `departs` (
  `id` int(10) unsigned NOT NULL AUTO_INCREMENT,
  `project` varchar(255) COLLATE utf8mb4_unicode_ci NOT NULL,
  `created_at` timestamp NULL DEFAULT NULL,
  `updated_at` timestamp NULL DEFAULT NULL,
  PRIMARY KEY (`id`)
) ENGINE=InnoDB AUTO_INCREMENT=4 DEFAULT CHARSET=utf8mb4 COLLATE=utf8mb4_unicode_ci;
/*!40101 SET character_set_client = @saved_cs_client */;

--
-- Dumping data for table `departs`
--

LOCK TABLES `departs` WRITE;
/*!40000 ALTER TABLE `departs` DISABLE KEYS */;
INSERT INTO `departs` VALUES (1,'2014-网络工程-2','2018-03-23 11:50:45','2018-03-23 11:50:51'),(2,'2014-网络工程-1','2018-03-24 04:20:52','2018-03-24 04:20:57'),(3,'2015-软件工程-1','2018-03-24 04:21:24','2018-03-24 04:21:27');
/*!40000 ALTER TABLE `departs` ENABLE KEYS */;
UNLOCK TABLES;

--
-- Table structure for table `homework`
--

DROP TABLE IF EXISTS `homework`;
/*!40101 SET @saved_cs_client     = @@character_set_client */;
/*!40101 SET character_set_client = utf8 */;
CREATE TABLE `homework` (
  `id` int(10) unsigned NOT NULL AUTO_INCREMENT,
  `coursename` varchar(255) COLLATE utf8mb4_unicode_ci NOT NULL,
  `content` varchar(255) COLLATE utf8mb4_unicode_ci NOT NULL,
  `teacherid` int(11) NOT NULL,
  `departid` varchar(50) COLLATE utf8mb4_unicode_ci NOT NULL DEFAULT '',
  `subtime` varchar(100) COLLATE utf8mb4_unicode_ci DEFAULT '',
  `created_at` timestamp NULL DEFAULT NULL,
  `updated_at` timestamp NULL DEFAULT NULL,
  PRIMARY KEY (`id`)
) ENGINE=InnoDB AUTO_INCREMENT=5 DEFAULT CHARSET=utf8mb4 COLLATE=utf8mb4_unicode_ci;
/*!40101 SET character_set_client = @saved_cs_client */;

--
-- Dumping data for table `homework`
--

LOCK TABLES `homework` WRITE;
/*!40000 ALTER TABLE `homework` DISABLE KEYS */;
INSERT INTO `homework` VALUES (1,'高等数学','飞机掉',1,'[\"1\",\"2\",null]','下周二10点前','2018-03-23 22:01:07','2018-03-23 22:01:07'),(2,'离散数学','测试',1,'[\"1\",\"2\",null]','周五','2018-03-26 18:05:37','2018-03-26 18:05:41'),(3,'线性代数','线性代数作业',1,'[\"1\",\"2\",null]','周四','2018-03-27 03:56:53','2018-03-27 03:56:57'),(4,'离散数学','这是离散数学的作业。。。',1,'[\"1\",\"2\",null]','下周三','2018-03-30 00:19:49','2018-03-30 00:19:49');
/*!40000 ALTER TABLE `homework` ENABLE KEYS */;
UNLOCK TABLES;

--
-- Table structure for table `migrations`
--

DROP TABLE IF EXISTS `migrations`;
/*!40101 SET @saved_cs_client     = @@character_set_client */;
/*!40101 SET character_set_client = utf8 */;
CREATE TABLE `migrations` (
  `id` int(10) unsigned NOT NULL AUTO_INCREMENT,
  `migration` varchar(255) COLLATE utf8mb4_unicode_ci NOT NULL,
  `batch` int(11) NOT NULL,
  PRIMARY KEY (`id`)
) ENGINE=InnoDB AUTO_INCREMENT=12 DEFAULT CHARSET=utf8mb4 COLLATE=utf8mb4_unicode_ci;
/*!40101 SET character_set_client = @saved_cs_client */;

--
-- Dumping data for table `migrations`
--

LOCK TABLES `migrations` WRITE;
/*!40000 ALTER TABLE `migrations` DISABLE KEYS */;
INSERT INTO `migrations` VALUES (1,'2014_10_12_000000_create_users_table',1),(2,'2014_10_12_100000_create_password_resets_table',1),(3,'2016_01_04_173148_create_admin_tables',1),(4,'2018_03_21_074237_create_students_table',2),(5,'2018_03_21_074337_create_tasks_table',2),(6,'2018_03_21_074351_create_notes_table',2),(7,'2018_03_21_074416_create_homework_table',2),(8,'2018_03_23_082518_create_departs_table',3),(9,'2018_03_29_145907_create_stulist_table',4),(10,'2018_03_30_021130_create_qr_table',5),(11,'2018_04_02_024123_create_sign_table',6);
/*!40000 ALTER TABLE `migrations` ENABLE KEYS */;
UNLOCK TABLES;

--
-- Table structure for table `notes`
--

DROP TABLE IF EXISTS `notes`;
/*!40101 SET @saved_cs_client     = @@character_set_client */;
/*!40101 SET character_set_client = utf8 */;
CREATE TABLE `notes` (
  `id` int(10) unsigned NOT NULL AUTO_INCREMENT,
  `openid` varchar(100) COLLATE utf8mb4_unicode_ci NOT NULL DEFAULT '',
  `date` varchar(50) COLLATE utf8mb4_unicode_ci NOT NULL,
  `img` varchar(100) COLLATE utf8mb4_unicode_ci NOT NULL DEFAULT '',
  `created_at` timestamp NULL DEFAULT NULL,
  `updated_at` timestamp NULL DEFAULT NULL,
  PRIMARY KEY (`id`)
) ENGINE=InnoDB AUTO_INCREMENT=11 DEFAULT CHARSET=utf8mb4 COLLATE=utf8mb4_unicode_ci;
/*!40101 SET character_set_client = @saved_cs_client */;

--
-- Dumping data for table `notes`
--

LOCK TABLES `notes` WRITE;
/*!40000 ALTER TABLE `notes` DISABLE KEYS */;
INSERT INTO `notes` VALUES (3,'op8Ul0SZKbPsXN6ky92vr5oicGwQ','2018-03-29','public/2018-03-29-04-18-02-5abc68fa346e2.png','2018-03-28 20:18:02','2018-03-28 20:18:02'),(4,'op8Ul0SZKbPsXN6ky92vr5oicGwQ','2018-03-29','public/2018-03-29-04-18-02-5abc68fa346e2.png',NULL,NULL),(5,'op8Ul0SZKbPsXN6ky92vr5oicGwQ','2018-03-30','public/2018-03-29-04-18-02-5abc68fa346e2.png',NULL,NULL),(6,'op8Ul0SZKbPsXN6ky92vr5oicGwQ','2018-03-30','public/2018-03-29-04-18-02-5abc68fa346e2.png',NULL,NULL),(8,'op8Ul0SZKbPsXN6ky92vr5oicGwQ','2018-03-29','public/2018-03-29-09-25-06-5abcb0f2623fe.png','2018-03-29 01:25:06','2018-03-29 01:25:06'),(9,'op8Ul0SZKbPsXN6ky92vr5oicGwQ','2018-03-29','public/2018-03-29-09-39-15-5abcb4431c86b.png','2018-03-29 01:39:15','2018-03-29 01:39:15'),(10,'op8Ul0SZKbPsXN6ky92vr5oicGwQ','2018-03-30','public/2018-03-30-08-08-44-5abdf08cd82a9.png','2018-03-30 00:08:44','2018-03-30 00:08:44');
/*!40000 ALTER TABLE `notes` ENABLE KEYS */;
UNLOCK TABLES;

--
-- Table structure for table `password_resets`
--

DROP TABLE IF EXISTS `password_resets`;
/*!40101 SET @saved_cs_client     = @@character_set_client */;
/*!40101 SET character_set_client = utf8 */;
CREATE TABLE `password_resets` (
  `email` varchar(255) COLLATE utf8mb4_unicode_ci NOT NULL,
  `token` varchar(255) COLLATE utf8mb4_unicode_ci NOT NULL,
  `created_at` timestamp NULL DEFAULT NULL,
  KEY `password_resets_email_index` (`email`)
) ENGINE=InnoDB DEFAULT CHARSET=utf8mb4 COLLATE=utf8mb4_unicode_ci;
/*!40101 SET character_set_client = @saved_cs_client */;

--
-- Dumping data for table `password_resets`
--

LOCK TABLES `password_resets` WRITE;
/*!40000 ALTER TABLE `password_resets` DISABLE KEYS */;
/*!40000 ALTER TABLE `password_resets` ENABLE KEYS */;
UNLOCK TABLES;

--
-- Table structure for table `qr`
--

DROP TABLE IF EXISTS `qr`;
/*!40101 SET @saved_cs_client     = @@character_set_client */;
/*!40101 SET character_set_client = utf8 */;
CREATE TABLE `qr` (
  `id` int(10) unsigned NOT NULL AUTO_INCREMENT,
  `coursename` varchar(50) COLLATE utf8mb4_unicode_ci NOT NULL,
  `teacherid` int(11) NOT NULL,
  `date` varchar(50) COLLATE utf8mb4_unicode_ci NOT NULL DEFAULT '',
  `created_at` timestamp NULL DEFAULT NULL,
  `updated_at` timestamp NULL DEFAULT NULL,
  PRIMARY KEY (`id`)
) ENGINE=InnoDB AUTO_INCREMENT=10 DEFAULT CHARSET=utf8mb4 COLLATE=utf8mb4_unicode_ci;
/*!40101 SET character_set_client = @saved_cs_client */;

--
-- Dumping data for table `qr`
--

LOCK TABLES `qr` WRITE;
/*!40000 ALTER TABLE `qr` DISABLE KEYS */;
INSERT INTO `qr` VALUES (1,'离散数学',1,'2018-03-30','2018-03-30 00:20:27','2018-03-30 00:20:27'),(2,'高等数学',1,'2018-04-02','2018-04-01 23:18:01','2018-04-01 23:18:01'),(3,'高等数学',1,'2018-04-02','2018-04-01 23:21:06','2018-04-01 23:21:06'),(4,'高等数学',1,'2018-04-02','2018-04-01 23:24:30','2018-04-01 23:24:30'),(5,'高等数学',1,'2018-04-02','2018-04-01 23:29:53','2018-04-01 23:29:53'),(6,'高等数学',1,'2018-04-02','2018-04-02 08:36:05','2018-04-02 08:36:05'),(7,'高等数学',1,'2018-04-02','2018-04-02 08:39:51','2018-04-02 08:39:51'),(8,'高等数学',1,'2018-04-02','2018-04-02 11:34:23','2018-04-02 11:34:23'),(9,'高等数学',1,'2018-04-02','2018-04-02 11:38:37','2018-04-02 11:38:37');
/*!40000 ALTER TABLE `qr` ENABLE KEYS */;
UNLOCK TABLES;

--
-- Table structure for table `sign`
--

DROP TABLE IF EXISTS `sign`;
/*!40101 SET @saved_cs_client     = @@character_set_client */;
/*!40101 SET character_set_client = utf8 */;
CREATE TABLE `sign` (
  `id` int(10) unsigned NOT NULL AUTO_INCREMENT,
  `name` varchar(50) COLLATE utf8mb4_unicode_ci NOT NULL DEFAULT '',
  `coursename` varchar(50) COLLATE utf8mb4_unicode_ci NOT NULL,
  `stuid` varchar(50) COLLATE utf8mb4_unicode_ci NOT NULL DEFAULT '',
  `status` tinyint(4) NOT NULL DEFAULT '0',
  `date` varchar(50) COLLATE utf8mb4_unicode_ci NOT NULL DEFAULT '',
  `teacherid` int(11) NOT NULL,
  `created_at` timestamp NULL DEFAULT NULL,
  `updated_at` timestamp NULL DEFAULT NULL,
  PRIMARY KEY (`id`)
) ENGINE=InnoDB AUTO_INCREMENT=64 DEFAULT CHARSET=utf8mb4 COLLATE=utf8mb4_unicode_ci;
/*!40101 SET character_set_client = @saved_cs_client */;

--
-- Dumping data for table `sign`
--

LOCK TABLES `sign` WRITE;
/*!40000 ALTER TABLE `sign` DISABLE KEYS */;
INSERT INTO `sign` VALUES (1,'祝宇','高等数学','20131344096',0,'2018-04-02',1,'2018-04-02 11:38:37','2018-04-02 11:38:37'),(2,'陈龙','高等数学','20131346013',0,'2018-04-02',1,'2018-04-02 11:38:37','2018-04-02 11:38:37'),(3,'王慧斌','高等数学','20141306006',0,'2018-04-02',1,'2018-04-02 11:38:37','2018-04-02 11:38:37'),(4,'丁海升','高等数学','20141346001',0,'2018-04-02',1,'2018-04-02 11:38:37','2018-04-02 11:38:37'),(5,'王子纯','高等数学','20141346002',0,'2018-04-02',1,'2018-04-02 11:38:37','2018-04-02 11:38:37'),(6,'王睿驹','高等数学','20141346003',0,'2018-04-02',1,'2018-04-02 11:38:37','2018-04-02 11:38:37'),(7,'韦彭祥','高等数学','20141346004',0,'2018-04-02',1,'2018-04-02 11:38:37','2018-04-02 11:38:37'),(8,'冯孟','高等数学','20141346005',0,'2018-04-02',1,'2018-04-02 11:38:37','2018-04-02 11:38:37'),(9,'江炜','高等数学','20141346006',0,'2018-04-02',1,'2018-04-02 11:38:37','2018-04-02 11:38:37'),(10,'刘茂奇','高等数学','20141346007',0,'2018-04-02',1,'2018-04-02 11:38:37','2018-04-02 11:38:37'),(11,'任翊文','高等数学','20141346008',0,'2018-04-02',1,'2018-04-02 11:38:37','2018-04-02 11:38:37'),(12,'朱小玮','高等数学','20141346009',0,'2018-04-02',1,'2018-04-02 11:38:37','2018-04-02 11:38:37'),(13,'陈军军','高等数学','20141346010',0,'2018-04-02',1,'2018-04-02 11:38:37','2018-04-02 11:38:37'),(14,'宋相博','高等数学','20141346011',0,'2018-04-02',1,'2018-04-02 11:38:37','2018-04-02 11:38:37'),(15,'杨舒媛','高等数学','20141346012',0,'2018-04-02',1,'2018-04-02 11:38:37','2018-04-02 11:38:37'),(16,'张雨桐','高等数学','20141346014',0,'2018-04-02',1,'2018-04-02 11:38:37','2018-04-02 11:38:37'),(17,'张自钦','高等数学','20141346015',0,'2018-04-02',1,'2018-04-02 11:38:37','2018-04-02 11:38:37'),(18,'单光胤','高等数学','20141346016',0,'2018-04-02',1,'2018-04-02 11:38:37','2018-04-02 11:38:37'),(19,'罗咏兴','高等数学','20141346017',0,'2018-04-02',1,'2018-04-02 11:38:37','2018-04-02 11:38:37'),(20,'苗田田','高等数学','20141346018',0,'2018-04-02',1,'2018-04-02 11:38:37','2018-04-02 11:38:37'),(21,'郑仕清','高等数学','20141346019',0,'2018-04-02',1,'2018-04-02 11:38:37','2018-04-02 11:38:37'),(22,'胡冰涛','高等数学','20141346020',0,'2018-04-02',1,'2018-04-02 11:38:37','2018-04-02 11:38:37'),(23,'胡文宁','高等数学','20141346021',0,'2018-04-02',1,'2018-04-02 11:38:37','2018-04-02 11:38:37'),(24,'赵俊杰','高等数学','20141346022',0,'2018-04-02',1,'2018-04-02 11:38:37','2018-04-02 11:38:37'),(25,'赵宇佳','高等数学','20141346023',0,'2018-04-02',1,'2018-04-02 11:38:37','2018-04-02 11:38:37'),(26,'唐生','高等数学','20141346024',0,'2018-04-02',1,'2018-04-02 11:38:37','2018-04-02 11:38:37'),(27,'殷琪林','高等数学','20141346025',0,'2018-04-02',1,'2018-04-02 11:38:37','2018-04-02 11:38:37'),(28,'黄江泉','高等数学','20141346026',0,'2018-04-02',1,'2018-04-02 11:38:37','2018-04-02 11:38:37'),(29,'黄铭栋','高等数学','20141346027',0,'2018-04-02',1,'2018-04-02 11:38:37','2018-04-02 11:38:37'),(30,'黄天威','高等数学','20141346028',0,'2018-04-02',1,'2018-04-02 11:38:37','2018-04-02 11:38:37'),(31,'章越','高等数学','20141346029',0,'2018-04-02',1,'2018-04-02 11:38:37','2018-04-02 11:38:37'),(32,'蒋凯文','高等数学','20141346030',0,'2018-04-02',1,'2018-04-02 11:38:37','2018-04-02 11:38:37'),(33,'谢丹','高等数学','20141346031',0,'2018-04-02',1,'2018-04-02 11:38:37','2018-04-02 11:38:37'),(34,'鞠兴旺','高等数学','20141346032',0,'2018-04-02',1,'2018-04-02 11:38:37','2018-04-02 11:38:37'),(35,'卜维新','高等数学','20141346033',0,'2018-04-02',1,'2018-04-02 11:38:37','2018-04-02 11:38:37'),(36,'毛宜芃','高等数学','20141346034',0,'2018-04-02',1,'2018-04-02 11:38:37','2018-04-02 11:38:37'),(37,'王娇','高等数学','20141346035',0,'2018-04-02',1,'2018-04-02 11:38:37','2018-04-02 11:38:37'),(38,'卢志航','高等数学','20141346036',0,'2018-04-02',1,'2018-04-02 11:38:37','2018-04-02 11:38:37'),(39,'刘家澍','高等数学','20141346037',0,'2018-04-02',1,'2018-04-02 11:38:37','2018-04-02 11:38:37'),(40,'孙亮','高等数学','20141346038',0,'2018-04-02',1,'2018-04-02 11:38:37','2018-04-02 11:38:37'),(41,'许正阳','高等数学','20141346040',0,'2018-04-02',1,'2018-04-02 11:38:37','2018-04-02 11:38:37'),(42,'来子森','高等数学','20141346041',0,'2018-04-02',1,'2018-04-02 11:38:37','2018-04-02 11:38:37'),(43,'沈贝怡','高等数学','20141346042',0,'2018-04-02',1,'2018-04-02 11:38:37','2018-04-02 11:38:37'),(44,'吴垚霖','高等数学','20141346043',0,'2018-04-02',1,'2018-04-02 11:38:37','2018-04-02 11:38:37'),(45,'吴雪妍','高等数学','20141346044',0,'2018-04-02',1,'2018-04-02 11:38:37','2018-04-02 11:38:37'),(46,'吴振帅','高等数学','20141346045',0,'2018-04-02',1,'2018-04-02 11:38:37','2018-04-02 11:38:37'),(47,'杨泽瑞','高等数学','20141346046',0,'2018-04-02',1,'2018-04-02 11:38:37','2018-04-02 11:38:37'),(48,'张威','高等数学','20141346047',0,'2018-04-02',1,'2018-04-02 11:38:37','2018-04-02 11:38:37'),(49,'张仁杰','高等数学','20141346048',0,'2018-04-02',1,'2018-04-02 11:38:37','2018-04-02 11:38:37'),(50,'单安童','高等数学','20141346049',0,'2018-04-02',1,'2018-04-02 11:38:37','2018-04-02 11:38:37'),(51,'郑钰斌','高等数学','20141346050',0,'2018-04-02',1,'2018-04-02 11:38:37','2018-04-02 11:38:37'),(52,'姜佳晨','高等数学','20141346051',0,'2018-04-02',1,'2018-04-02 11:38:37','2018-04-02 11:38:37'),(53,'赵鹏','高等数学','20141346052',0,'2018-04-02',1,'2018-04-02 11:38:37','2018-04-02 11:38:37'),(54,'钱月琴','高等数学','20141346053',0,'2018-04-02',1,'2018-04-02 11:38:37','2018-04-02 11:38:37'),(55,'徐凯','高等数学','20141346054',0,'2018-04-02',1,'2018-04-02 11:38:37','2018-04-02 11:38:37'),(56,'徐成昆','高等数学','20141346055',0,'2018-04-02',1,'2018-04-02 11:38:37','2018-04-02 11:38:37'),(57,'徐永武','高等数学','20141346057',0,'2018-04-02',1,'2018-04-02 11:38:37','2018-04-02 11:38:37'),(58,'崔政','高等数学','20141346058',0,'2018-04-02',1,'2018-04-02 11:38:37','2018-04-02 11:38:37'),(59,'崔坤强','高等数学','20141346059',0,'2018-04-02',1,'2018-04-02 11:38:37','2018-04-02 11:38:37'),(60,'黄晟','高等数学','20141346060',0,'2018-04-02',1,'2018-04-02 11:38:37','2018-04-02 11:38:37'),(61,'黄颖帆','高等数学','20141346061',0,'2018-04-02',1,'2018-04-02 11:38:37','2018-04-02 11:38:37'),(62,'鲁天松','高等数学','20141346062',0,'2018-04-02',1,'2018-04-02 11:38:37','2018-04-02 11:38:37'),(63,'赖杰','高等数学','20141346063',1,'2018-04-02',1,'2018-04-02 11:38:37','2018-04-02 03:38:53');
/*!40000 ALTER TABLE `sign` ENABLE KEYS */;
UNLOCK TABLES;

--
-- Table structure for table `students`
--

DROP TABLE IF EXISTS `students`;
/*!40101 SET @saved_cs_client     = @@character_set_client */;
/*!40101 SET character_set_client = utf8 */;
CREATE TABLE `students` (
  `id` int(10) unsigned NOT NULL AUTO_INCREMENT,
  `name` varchar(255) COLLATE utf8mb4_unicode_ci DEFAULT '',
  `sid` varchar(255) COLLATE utf8mb4_unicode_ci DEFAULT '',
  `openid` varchar(255) COLLATE utf8mb4_unicode_ci NOT NULL,
  `token` varchar(100) COLLATE utf8mb4_unicode_ci NOT NULL,
  `teacherid` varchar(100) COLLATE utf8mb4_unicode_ci DEFAULT '' COMMENT '对应的老师',
  `project` varchar(255) COLLATE utf8mb4_unicode_ci DEFAULT '',
  `departid` int(11) DEFAULT NULL COMMENT '所属学院年级班级id',
  `created_at` timestamp NULL DEFAULT NULL,
  `updated_at` timestamp NULL DEFAULT NULL,
  PRIMARY KEY (`id`)
) ENGINE=InnoDB AUTO_INCREMENT=5 DEFAULT CHARSET=utf8mb4 COLLATE=utf8mb4_unicode_ci;
/*!40101 SET character_set_client = @saved_cs_client */;

--
-- Dumping data for table `students`
--

LOCK TABLES `students` WRITE;
/*!40000 ALTER TABLE `students` DISABLE KEYS */;
INSERT INTO `students` VALUES (4,'赖杰','20141346063','op8Ul0SZKbPsXN6ky92vr5oicGwQ','b3A4VWwwU1pLYlBzWE42a3k5MnZyNW9pY0d3UQ==','','',1,'2018-03-30 00:08:09','2018-03-30 00:08:20');
/*!40000 ALTER TABLE `students` ENABLE KEYS */;
UNLOCK TABLES;

--
-- Table structure for table `stulist`
--

DROP TABLE IF EXISTS `stulist`;
/*!40101 SET @saved_cs_client     = @@character_set_client */;
/*!40101 SET character_set_client = utf8 */;
CREATE TABLE `stulist` (
  `id` int(10) unsigned NOT NULL AUTO_INCREMENT,
  `coursename` varchar(50) COLLATE utf8mb4_unicode_ci NOT NULL,
  `stuid` varchar(50) COLLATE utf8mb4_unicode_ci DEFAULT '',
  `name` varchar(50) COLLATE utf8mb4_unicode_ci DEFAULT '',
  `teacherid` int(11) NOT NULL,
  `created_at` timestamp NULL DEFAULT NULL,
  `updated_at` timestamp NULL DEFAULT NULL,
  PRIMARY KEY (`id`)
) ENGINE=InnoDB AUTO_INCREMENT=127 DEFAULT CHARSET=utf8mb4 COLLATE=utf8mb4_unicode_ci;
/*!40101 SET character_set_client = @saved_cs_client */;

--
-- Dumping data for table `stulist`
--

LOCK TABLES `stulist` WRITE;
/*!40000 ALTER TABLE `stulist` DISABLE KEYS */;
INSERT INTO `stulist` VALUES (1,'高等数学','20131344096','祝宇',1,'2018-03-29 09:09:43','2018-03-29 09:09:43'),(2,'高等数学','20131346013','陈龙',1,'2018-03-29 09:09:43','2018-03-29 09:09:43'),(3,'高等数学','20141306006','王慧斌',1,'2018-03-29 09:09:43','2018-03-29 09:09:43'),(4,'高等数学','20141346001','丁海升',1,'2018-03-29 09:09:43','2018-03-29 09:09:43'),(5,'高等数学','20141346002','王子纯',1,'2018-03-29 09:09:43','2018-03-29 09:09:43'),(6,'高等数学','20141346003','王睿驹',1,'2018-03-29 09:09:43','2018-03-29 09:09:43'),(7,'高等数学','20141346004','韦彭祥',1,'2018-03-29 09:09:43','2018-03-29 09:09:43'),(8,'高等数学','20141346005','冯孟',1,'2018-03-29 09:09:43','2018-03-29 09:09:43'),(9,'高等数学','20141346006','江炜',1,'2018-03-29 09:09:43','2018-03-29 09:09:43'),(10,'高等数学','20141346007','刘茂奇',1,'2018-03-29 09:09:43','2018-03-29 09:09:43'),(11,'高等数学','20141346008','任翊文',1,'2018-03-29 09:09:43','2018-03-29 09:09:43'),(12,'高等数学','20141346009','朱小玮',1,'2018-03-29 09:09:43','2018-03-29 09:09:43'),(13,'高等数学','20141346010','陈军军',1,'2018-03-29 09:09:43','2018-03-29 09:09:43'),(14,'高等数学','20141346011','宋相博',1,'2018-03-29 09:09:43','2018-03-29 09:09:43'),(15,'高等数学','20141346012','杨舒媛',1,'2018-03-29 09:09:43','2018-03-29 09:09:43'),(16,'高等数学','20141346014','张雨桐',1,'2018-03-29 09:09:43','2018-03-29 09:09:43'),(17,'高等数学','20141346015','张自钦',1,'2018-03-29 09:09:43','2018-03-29 09:09:43'),(18,'高等数学','20141346016','单光胤',1,'2018-03-29 09:09:43','2018-03-29 09:09:43'),(19,'高等数学','20141346017','罗咏兴',1,'2018-03-29 09:09:43','2018-03-29 09:09:43'),(20,'高等数学','20141346018','苗田田',1,'2018-03-29 09:09:43','2018-03-29 09:09:43'),(21,'高等数学','20141346019','郑仕清',1,'2018-03-29 09:09:43','2018-03-29 09:09:43'),(22,'高等数学','20141346020','胡冰涛',1,'2018-03-29 09:09:43','2018-03-29 09:09:43'),(23,'高等数学','20141346021','胡文宁',1,'2018-03-29 09:09:43','2018-03-29 09:09:43'),(24,'高等数学','20141346022','赵俊杰',1,'2018-03-29 09:09:43','2018-03-29 09:09:43'),(25,'高等数学','20141346023','赵宇佳',1,'2018-03-29 09:09:43','2018-03-29 09:09:43'),(26,'高等数学','20141346024','唐生',1,'2018-03-29 09:09:43','2018-03-29 09:09:43'),(27,'高等数学','20141346025','殷琪林',1,'2018-03-29 09:09:43','2018-03-29 09:09:43'),(28,'高等数学','20141346026','黄江泉',1,'2018-03-29 09:09:43','2018-03-29 09:09:43'),(29,'高等数学','20141346027','黄铭栋',1,'2018-03-29 09:09:43','2018-03-29 09:09:43'),(30,'高等数学','20141346028','黄天威',1,'2018-03-29 09:09:43','2018-03-29 09:09:43'),(31,'高等数学','20141346029','章越',1,'2018-03-29 09:09:43','2018-03-29 09:09:43'),(32,'高等数学','20141346030','蒋凯文',1,'2018-03-29 09:09:43','2018-03-29 09:09:43'),(33,'高等数学','20141346031','谢丹',1,'2018-03-29 09:09:43','2018-03-29 09:09:43'),(34,'高等数学','20141346032','鞠兴旺',1,'2018-03-29 09:09:43','2018-03-29 09:09:43'),(35,'高等数学','20141346033','卜维新',1,'2018-03-29 09:09:43','2018-03-29 09:09:43'),(36,'高等数学','20141346034','毛宜芃',1,'2018-03-29 09:09:43','2018-03-29 09:09:43'),(37,'高等数学','20141346035','王娇',1,'2018-03-29 09:09:43','2018-03-29 09:09:43'),(38,'高等数学','20141346036','卢志航',1,'2018-03-29 09:09:43','2018-03-29 09:09:43'),(39,'高等数学','20141346037','刘家澍',1,'2018-03-29 09:09:43','2018-03-29 09:09:43'),(40,'高等数学','20141346038','孙亮',1,'2018-03-29 09:09:43','2018-03-29 09:09:43'),(41,'高等数学','20141346040','许正阳',1,'2018-03-29 09:09:43','2018-03-29 09:09:43'),(42,'高等数学','20141346041','来子森',1,'2018-03-29 09:09:43','2018-03-29 09:09:43'),(43,'高等数学','20141346042','沈贝怡',1,'2018-03-29 09:09:43','2018-03-29 09:09:43'),(44,'高等数学','20141346043','吴垚霖',1,'2018-03-29 09:09:43','2018-03-29 09:09:43'),(45,'高等数学','20141346044','吴雪妍',1,'2018-03-29 09:09:43','2018-03-29 09:09:43'),(46,'高等数学','20141346045','吴振帅',1,'2018-03-29 09:09:43','2018-03-29 09:09:43'),(47,'高等数学','20141346046','杨泽瑞',1,'2018-03-29 09:09:43','2018-03-29 09:09:43'),(48,'高等数学','20141346047','张威',1,'2018-03-29 09:09:43','2018-03-29 09:09:43'),(49,'高等数学','20141346048','张仁杰',1,'2018-03-29 09:09:43','2018-03-29 09:09:43'),(50,'高等数学','20141346049','单安童',1,'2018-03-29 09:09:43','2018-03-29 09:09:43'),(51,'高等数学','20141346050','郑钰斌',1,'2018-03-29 09:09:43','2018-03-29 09:09:43'),(52,'高等数学','20141346051','姜佳晨',1,'2018-03-29 09:09:43','2018-03-29 09:09:43'),(53,'高等数学','20141346052','赵鹏',1,'2018-03-29 09:09:43','2018-03-29 09:09:43'),(54,'高等数学','20141346053','钱月琴',1,'2018-03-29 09:09:43','2018-03-29 09:09:43'),(55,'高等数学','20141346054','徐凯',1,'2018-03-29 09:09:43','2018-03-29 09:09:43'),(56,'高等数学','20141346055','徐成昆',1,'2018-03-29 09:09:43','2018-03-29 09:09:43'),(57,'高等数学','20141346057','徐永武',1,'2018-03-29 09:09:43','2018-03-29 09:09:43'),(58,'高等数学','20141346058','崔政',1,'2018-03-29 09:09:43','2018-03-29 09:09:43'),(59,'高等数学','20141346059','崔坤强',1,'2018-03-29 09:09:43','2018-03-29 09:09:43'),(60,'高等数学','20141346060','黄晟',1,'2018-03-29 09:09:43','2018-03-29 09:09:43'),(61,'高等数学','20141346061','黄颖帆',1,'2018-03-29 09:09:43','2018-03-29 09:09:43'),(62,'高等数学','20141346062','鲁天松',1,'2018-03-29 09:09:43','2018-03-29 09:09:43'),(63,'高等数学','20141346063','赖杰',1,'2018-03-29 09:09:43','2018-03-29 09:09:43'),(64,'离散数学','20131344096','祝宇',1,'2018-03-30 00:20:16','2018-03-30 00:20:16'),(65,'离散数学','20131346013','陈龙',1,'2018-03-30 00:20:16','2018-03-30 00:20:16'),(66,'离散数学','20141306006','王慧斌',1,'2018-03-30 00:20:16','2018-03-30 00:20:16'),(67,'离散数学','20141346001','丁海升',1,'2018-03-30 00:20:16','2018-03-30 00:20:16'),(68,'离散数学','20141346002','王子纯',1,'2018-03-30 00:20:16','2018-03-30 00:20:16'),(69,'离散数学','20141346003','王睿驹',1,'2018-03-30 00:20:16','2018-03-30 00:20:16'),(70,'离散数学','20141346004','韦彭祥',1,'2018-03-30 00:20:16','2018-03-30 00:20:16'),(71,'离散数学','20141346005','冯孟',1,'2018-03-30 00:20:16','2018-03-30 00:20:16'),(72,'离散数学','20141346006','江炜',1,'2018-03-30 00:20:16','2018-03-30 00:20:16'),(73,'离散数学','20141346007','刘茂奇',1,'2018-03-30 00:20:16','2018-03-30 00:20:16'),(74,'离散数学','20141346008','任翊文',1,'2018-03-30 00:20:16','2018-03-30 00:20:16'),(75,'离散数学','20141346009','朱小玮',1,'2018-03-30 00:20:16','2018-03-30 00:20:16'),(76,'离散数学','20141346010','陈军军',1,'2018-03-30 00:20:16','2018-03-30 00:20:16'),(77,'离散数学','20141346011','宋相博',1,'2018-03-30 00:20:16','2018-03-30 00:20:16'),(78,'离散数学','20141346012','杨舒媛',1,'2018-03-30 00:20:16','2018-03-30 00:20:16'),(79,'离散数学','20141346014','张雨桐',1,'2018-03-30 00:20:16','2018-03-30 00:20:16'),(80,'离散数学','20141346015','张自钦',1,'2018-03-30 00:20:16','2018-03-30 00:20:16'),(81,'离散数学','20141346016','单光胤',1,'2018-03-30 00:20:16','2018-03-30 00:20:16'),(82,'离散数学','20141346017','罗咏兴',1,'2018-03-30 00:20:16','2018-03-30 00:20:16'),(83,'离散数学','20141346018','苗田田',1,'2018-03-30 00:20:16','2018-03-30 00:20:16'),(84,'离散数学','20141346019','郑仕清',1,'2018-03-30 00:20:16','2018-03-30 00:20:16'),(85,'离散数学','20141346020','胡冰涛',1,'2018-03-30 00:20:16','2018-03-30 00:20:16'),(86,'离散数学','20141346021','胡文宁',1,'2018-03-30 00:20:16','2018-03-30 00:20:16'),(87,'离散数学','20141346022','赵俊杰',1,'2018-03-30 00:20:16','2018-03-30 00:20:16'),(88,'离散数学','20141346023','赵宇佳',1,'2018-03-30 00:20:16','2018-03-30 00:20:16'),(89,'离散数学','20141346024','唐生',1,'2018-03-30 00:20:16','2018-03-30 00:20:16'),(90,'离散数学','20141346025','殷琪林',1,'2018-03-30 00:20:16','2018-03-30 00:20:16'),(91,'离散数学','20141346026','黄江泉',1,'2018-03-30 00:20:16','2018-03-30 00:20:16'),(92,'离散数学','20141346027','黄铭栋',1,'2018-03-30 00:20:16','2018-03-30 00:20:16'),(93,'离散数学','20141346028','黄天威',1,'2018-03-30 00:20:16','2018-03-30 00:20:16'),(94,'离散数学','20141346029','章越',1,'2018-03-30 00:20:16','2018-03-30 00:20:16'),(95,'离散数学','20141346030','蒋凯文',1,'2018-03-30 00:20:16','2018-03-30 00:20:16'),(96,'离散数学','20141346031','谢丹',1,'2018-03-30 00:20:16','2018-03-30 00:20:16'),(97,'离散数学','20141346032','鞠兴旺',1,'2018-03-30 00:20:16','2018-03-30 00:20:16'),(98,'离散数学','20141346033','卜维新',1,'2018-03-30 00:20:16','2018-03-30 00:20:16'),(99,'离散数学','20141346034','毛宜芃',1,'2018-03-30 00:20:16','2018-03-30 00:20:16'),(100,'离散数学','20141346035','王娇',1,'2018-03-30 00:20:16','2018-03-30 00:20:16'),(101,'离散数学','20141346036','卢志航',1,'2018-03-30 00:20:16','2018-03-30 00:20:16'),(102,'离散数学','20141346037','刘家澍',1,'2018-03-30 00:20:16','2018-03-30 00:20:16'),(103,'离散数学','20141346038','孙亮',1,'2018-03-30 00:20:16','2018-03-30 00:20:16'),(104,'离散数学','20141346040','许正阳',1,'2018-03-30 00:20:16','2018-03-30 00:20:16'),(105,'离散数学','20141346041','来子森',1,'2018-03-30 00:20:16','2018-03-30 00:20:16'),(106,'离散数学','20141346042','沈贝怡',1,'2018-03-30 00:20:16','2018-03-30 00:20:16'),(107,'离散数学','20141346043','吴垚霖',1,'2018-03-30 00:20:16','2018-03-30 00:20:16'),(108,'离散数学','20141346044','吴雪妍',1,'2018-03-30 00:20:16','2018-03-30 00:20:16'),(109,'离散数学','20141346045','吴振帅',1,'2018-03-30 00:20:16','2018-03-30 00:20:16'),(110,'离散数学','20141346046','杨泽瑞',1,'2018-03-30 00:20:16','2018-03-30 00:20:16'),(111,'离散数学','20141346047','张威',1,'2018-03-30 00:20:16','2018-03-30 00:20:16'),(112,'离散数学','20141346048','张仁杰',1,'2018-03-30 00:20:16','2018-03-30 00:20:16'),(113,'离散数学','20141346049','单安童',1,'2018-03-30 00:20:16','2018-03-30 00:20:16'),(114,'离散数学','20141346050','郑钰斌',1,'2018-03-30 00:20:16','2018-03-30 00:20:16'),(115,'离散数学','20141346051','姜佳晨',1,'2018-03-30 00:20:16','2018-03-30 00:20:16'),(116,'离散数学','20141346052','赵鹏',1,'2018-03-30 00:20:16','2018-03-30 00:20:16'),(117,'离散数学','20141346053','钱月琴',1,'2018-03-30 00:20:16','2018-03-30 00:20:16'),(118,'离散数学','20141346054','徐凯',1,'2018-03-30 00:20:16','2018-03-30 00:20:16'),(119,'离散数学','20141346055','徐成昆',1,'2018-03-30 00:20:16','2018-03-30 00:20:16'),(120,'离散数学','20141346057','徐永武',1,'2018-03-30 00:20:16','2018-03-30 00:20:16'),(121,'离散数学','20141346058','崔政',1,'2018-03-30 00:20:16','2018-03-30 00:20:16'),(122,'离散数学','20141346059','崔坤强',1,'2018-03-30 00:20:16','2018-03-30 00:20:16'),(123,'离散数学','20141346060','黄晟',1,'2018-03-30 00:20:16','2018-03-30 00:20:16'),(124,'离散数学','20141346061','黄颖帆',1,'2018-03-30 00:20:16','2018-03-30 00:20:16'),(125,'离散数学','20141346062','鲁天松',1,'2018-03-30 00:20:16','2018-03-30 00:20:16'),(126,'离散数学','20141346063','赖杰',1,'2018-03-30 00:20:16','2018-03-30 00:20:16');
/*!40000 ALTER TABLE `stulist` ENABLE KEYS */;
UNLOCK TABLES;

--
-- Table structure for table `tasks`
--

DROP TABLE IF EXISTS `tasks`;
/*!40101 SET @saved_cs_client     = @@character_set_client */;
/*!40101 SET character_set_client = utf8 */;
CREATE TABLE `tasks` (
  `id` int(10) unsigned NOT NULL AUTO_INCREMENT,
  `content` varchar(255) COLLATE utf8mb4_unicode_ci NOT NULL,
  `openid` varchar(50) COLLATE utf8mb4_unicode_ci NOT NULL DEFAULT '',
  `txtStyle` varchar(50) COLLATE utf8mb4_unicode_ci DEFAULT '""',
  `created_at` timestamp NULL DEFAULT NULL,
  `updated_at` timestamp NULL DEFAULT NULL,
  PRIMARY KEY (`id`)
) ENGINE=InnoDB AUTO_INCREMENT=12 DEFAULT CHARSET=utf8mb4 COLLATE=utf8mb4_unicode_ci;
/*!40101 SET character_set_client = @saved_cs_client */;

--
-- Dumping data for table `tasks`
--

LOCK TABLES `tasks` WRITE;
/*!40000 ALTER TABLE `tasks` DISABLE KEYS */;
INSERT INTO `tasks` VALUES (8,'又是一个测试','op8Ul0SZKbPsXN6ky92vr5oicGwQ','\"\"','2018-03-26 18:20:55','2018-03-26 18:20:55'),(9,'再一个','op8Ul0SZKbPsXN6ky92vr5oicGwQ','\"\"','2018-03-26 18:23:35','2018-03-26 18:23:35'),(10,'继续','op8Ul0SZKbPsXN6ky92vr5oicGwQ','\"\"','2018-03-26 18:24:45','2018-03-26 18:24:45');
/*!40000 ALTER TABLE `tasks` ENABLE KEYS */;
UNLOCK TABLES;

--
-- Table structure for table `users`
--

DROP TABLE IF EXISTS `users`;
/*!40101 SET @saved_cs_client     = @@character_set_client */;
/*!40101 SET character_set_client = utf8 */;
CREATE TABLE `users` (
  `id` int(10) unsigned NOT NULL AUTO_INCREMENT,
  `name` varchar(255) COLLATE utf8mb4_unicode_ci NOT NULL,
  `email` varchar(255) COLLATE utf8mb4_unicode_ci NOT NULL,
  `password` varchar(255) COLLATE utf8mb4_unicode_ci NOT NULL,
  `remember_token` varchar(100) COLLATE utf8mb4_unicode_ci DEFAULT NULL,
  `created_at` timestamp NULL DEFAULT NULL,
  `updated_at` timestamp NULL DEFAULT NULL,
  PRIMARY KEY (`id`),
  UNIQUE KEY `users_email_unique` (`email`)
) ENGINE=InnoDB DEFAULT CHARSET=utf8mb4 COLLATE=utf8mb4_unicode_ci;
/*!40101 SET character_set_client = @saved_cs_client */;

--
-- Dumping data for table `users`
--

LOCK TABLES `users` WRITE;
/*!40000 ALTER TABLE `users` DISABLE KEYS */;
/*!40000 ALTER TABLE `users` ENABLE KEYS */;
UNLOCK TABLES;
/*!40103 SET TIME_ZONE=@OLD_TIME_ZONE */;

/*!40101 SET SQL_MODE=@OLD_SQL_MODE */;
/*!40014 SET FOREIGN_KEY_CHECKS=@OLD_FOREIGN_KEY_CHECKS */;
/*!40014 SET UNIQUE_CHECKS=@OLD_UNIQUE_CHECKS */;
/*!40101 SET CHARACTER_SET_CLIENT=@OLD_CHARACTER_SET_CLIENT */;
/*!40101 SET CHARACTER_SET_RESULTS=@OLD_CHARACTER_SET_RESULTS */;
/*!40101 SET COLLATION_CONNECTION=@OLD_COLLATION_CONNECTION */;
/*!40111 SET SQL_NOTES=@OLD_SQL_NOTES */;

-- Dump completed on 2018-04-03 14:16:48
